city,lat,lng,country,iso2,admin_name,capital,population,population_proper
Aadorf,47.4939,8.8975,Switzerland,CH,Thurgau,,9036,9036
Aarau,47.3923,8.0446,Switzerland,CH,Aargau,admin,21268,21268
Aarberg,47.0458,7.2764,Switzerland,CH,Bern,minor,4629,4629
Aarburg,47.3206,7.9014,Switzerland,CH,Aargau,,8068,8068
Aarwangen,47.2414,7.7708,Switzerland,CH,Bern,,4514,4514
Acquarossa,46.4599,8.9273,Switzerland,CH,Ticino,,1808,1808
Adelboden,46.4931,7.5586,Switzerland,CH,Bern,,3371,3371
Adligenswil,47.0706,8.3650,Switzerland,CH,Luzern,,5391,5391
Adliswil,47.3122,8.5256,Switzerland,CH,Zürich,,18731,18731
Aegerten,47.1164,7.2833,Switzerland,CH,Bern,,2158,2158
Aesch,47.2547,8.2414,Switzerland,CH,Luzern,,1205,1205
Aesch,47.3369,8.4381,Switzerland,CH,Zürich,,1341,1341
Aesch,47.4694,7.5942,Switzerland,CH,Basel-Landschaft,,10352,10352
Aeugst am Albis,47.2675,8.4853,Switzerland,CH,Zürich,,1982,1982
Affeltrangen,47.5164,9.0167,Switzerland,CH,Thurgau,,2551,2551
Affoltern am Albis,47.2817,8.4502,Switzerland,CH,Zürich,,12080,12080
Affoltern im Emmental,47.0497,7.7167,Switzerland,CH,Bern,,1097,1097
Agno,46.0002,8.9001,Switzerland,CH,Ticino,,4445,4445
Aigle,46.3173,6.9646,Switzerland,CH,Valais,,10131,10131
Aire-la-Ville,46.1902,6.0423,Switzerland,CH,Genève,,1184,1184
Airolo,46.5333,8.6167,Switzerland,CH,Ticino,,1527,1527
Alle,47.4257,7.1291,Switzerland,CH,Jura,,1849,1849
Allschwil,47.5508,7.5358,Switzerland,CH,Basel-Landschaft,,21150,21150
Alpnach,46.9499,8.2309,Switzerland,CH,Obwalden,,6031,6031
Altdorf,46.8806,8.6394,Switzerland,CH,Uri,admin,9401,9401
Altendorf,47.1922,8.8300,Switzerland,CH,Schwyz,,7081,7081
Alterswil,46.7926,7.2638,Switzerland,CH,Fribourg,,2028,2028
Altishofen,47.1997,7.9667,Switzerland,CH,Luzern,,1577,1577
Altnau,47.6073,9.2612,Switzerland,CH,Thurgau,,2208,2208
Altstätten,47.3780,9.5488,Switzerland,CH,Sankt Gallen,minor,11730,11730
Amden,47.1489,9.1408,Switzerland,CH,Sankt Gallen,,1782,1782
Amriswil,47.5497,9.3000,Switzerland,CH,Thurgau,,13534,13534
Andelfingen,47.5947,8.6789,Switzerland,CH,Zürich,,2201,2201
Andermatt,46.6205,8.6314,Switzerland,CH,Uri,,1390,1390
Andwil,47.4406,9.2810,Switzerland,CH,Sankt Gallen,,2014,2014
Anières,46.2667,6.2167,Switzerland,CH,Genève,,2402,2402
Appenzell,47.3306,9.4086,Switzerland,CH,Appenzell Innerrhoden,admin,5649,5649
Apples,46.5500,6.4333,Switzerland,CH,Vaud,,1468,1468
Arbaz,46.2667,7.3833,Switzerland,CH,Valais,,1280,1280
Arbon,47.5167,9.4333,Switzerland,CH,Thurgau,,14537,14537
Arch,47.1679,7.4326,Switzerland,CH,Bern,,1592,1592
Ardon,46.2000,7.2500,Switzerland,CH,Valais,,3212,3212
Arisdorf,47.5128,7.7650,Switzerland,CH,Basel-Landschaft,,1638,1638
Aristau,47.2856,8.3624,Switzerland,CH,Aargau,,1498,1498
Arlesheim,47.4922,7.6203,Switzerland,CH,Basel-Landschaft,,9202,9202
Arni,47.3192,8.4222,Switzerland,CH,Aargau,,1843,1843
Arosa,46.7831,9.6831,Switzerland,CH,Graubünden,,3185,3185
Arth,47.0644,8.5242,Switzerland,CH,Schwyz,,11983,11983
Ascona,46.1500,8.7667,Switzerland,CH,Ticino,,5534,5534
Assens,46.6178,6.6274,Switzerland,CH,Vaud,,1077,1077
Attalens,46.5167,6.8500,Switzerland,CH,Fribourg,,3521,3521
Attinghausen,46.8611,8.6281,Switzerland,CH,Uri,,1725,1725
Attiswil,47.2472,7.6135,Switzerland,CH,Bern,,1504,1504
Au,47.4331,9.6333,Switzerland,CH,Sankt Gallen,,7788,7788
Aubonne,46.5000,6.3833,Switzerland,CH,Vaud,,3241,3241
Auenstein,47.4178,8.1358,Switzerland,CH,Aargau,,1581,1581
Augst,47.5350,7.7128,Switzerland,CH,Aargau,,1024,1024
Auvernier,46.9763,6.8783,Switzerland,CH,Neuchâtel,,1559,1559
Auw,47.2122,8.3664,Switzerland,CH,Aargau,,2157,2157
Avenches,46.8800,7.0398,Switzerland,CH,Vaud,,4292,4292
Avry-sur-Matran,46.7833,7.0667,Switzerland,CH,Fribourg,,1921,1921
Avully,46.1675,5.9985,Switzerland,CH,Genève,,1756,1756
Avusy,46.1500,5.9833,Switzerland,CH,Genève,,1416,1416
Ayent,46.3280,7.4103,Switzerland,CH,Valais,,4059,4059
Bäretswil,47.3369,8.8575,Switzerland,CH,Zürich,,5026,5026
Bäriswil,47.0167,7.5333,Switzerland,CH,Bern,,1062,1062
Bätterkinden,47.1333,7.5333,Switzerland,CH,Bern,,3251,3251
Bättwil,47.5000,7.5167,Switzerland,CH,Solothurn,,1186,1186
Bönigen,46.6864,7.8946,Switzerland,CH,Bern,,2535,2535
Bösingen,46.9000,7.2333,Switzerland,CH,Fribourg,,3408,3408
Böttstein,47.5567,8.2247,Switzerland,CH,Aargau,,3952,3952
Bühler,47.3728,9.4211,Switzerland,CH,Appenzell Ausserrhoden,,1798,1798
Bülach,47.5189,8.5422,Switzerland,CH,Zürich,,20046,20046
Bünzen,47.3108,8.3261,Switzerland,CH,Aargau,,1110,1110
Büren an der Aare,47.1403,7.3722,Switzerland,CH,Bern,,3580,3580
Büren,47.4511,7.6708,Switzerland,CH,Solothurn,,1042,1042
Bürglen,46.8750,8.6628,Switzerland,CH,Uri,,3976,3976
Bürglen,47.5497,9.1497,Switzerland,CH,Thurgau,,3841,3841
Büron,47.2133,8.0947,Switzerland,CH,Luzern,,2540,2540
Büsserach,47.3914,7.5403,Switzerland,CH,Solothurn,,2296,2296
Baar,47.1956,8.5264,Switzerland,CH,Zug,,24322,24322
Bad Zurzach,47.5872,8.2944,Switzerland,CH,Aargau,minor,4242,4242
Baden,47.4729,8.3080,Switzerland,CH,Aargau,,19122,19122
Bagnes,46.0833,7.2167,Switzerland,CH,Valais,,8096,8096
Balerna,45.8500,9.0000,Switzerland,CH,Ticino,,3269,3269
Balgach,47.4000,9.5997,Switzerland,CH,Sankt Gallen,,4797,4797
Ballaigues,46.7333,6.4167,Switzerland,CH,Vaud,,1064,1064
Ballwil,47.1497,8.3164,Switzerland,CH,Luzern,,2786,2786
Balsthal,47.3164,7.6944,Switzerland,CH,Solothurn,minor,6117,6117
Baltschieder,46.3759,7.8806,Switzerland,CH,Valais,,1328,1328
Barbengo,45.9622,8.9153,Switzerland,CH,Ticino,,1970,1970
Bardonnex,46.1333,6.1000,Switzerland,CH,Genève,,2299,2299
Basel,47.5606,7.5906,Switzerland,CH,Basel-Stadt,admin,177595,177595
Bassersdorf,47.4431,8.6283,Switzerland,CH,Zürich,,11593,11593
Bassins,46.4667,6.2333,Switzerland,CH,Vaud,,1344,1344
Baulmes,46.7833,6.5167,Switzerland,CH,Vaud,,1027,1027
Bauma,47.3681,8.8778,Switzerland,CH,Zürich,,4925,4925
Beatenberg,46.6997,7.8000,Switzerland,CH,Bern,,1196,1196
Beckenried,46.9665,8.4747,Switzerland,CH,Nidwalden,,3672,3672
Bedano,46.0500,8.9167,Switzerland,CH,Ticino,,1551,1551
Begnins,46.4333,6.2500,Switzerland,CH,Vaud,,1950,1950
Beinwil am See,47.2678,8.2025,Switzerland,CH,Aargau,,3276,3276
Belfaux,46.8287,7.0950,Switzerland,CH,Fribourg,,3281,3281
Bellach,47.2150,7.5000,Switzerland,CH,Solothurn,,5214,5214
Bellevue,46.2500,6.1500,Switzerland,CH,Genève,,3299,3299
Bellikon,47.3891,8.3436,Switzerland,CH,Aargau,,1562,1562
Bellinzona,46.1956,9.0238,Switzerland,CH,Ticino,,43220,43220
Bellmund,47.1029,7.2432,Switzerland,CH,Bern,,1689,1689
Belmont-sur-Lausanne,46.5265,6.6876,Switzerland,CH,Vaud,,3721,3721
Belp,46.8914,7.4972,Switzerland,CH,Bern,,11439,11439
Benken,47.1924,8.9957,Switzerland,CH,Sankt Gallen,,3025,3025
Bercher,46.6916,6.7062,Switzerland,CH,Vaud,,1238,1238
Berg,47.5000,8.1500,Switzerland,CH,Aargau,,1589,1589
Berg,47.5664,9.1664,Switzerland,CH,Thurgau,,3410,3410
Bergdietikon,47.3942,8.3861,Switzerland,CH,Aargau,,2828,2828
Berikon,47.3525,8.3736,Switzerland,CH,Aargau,,4776,4776
Beringen,47.6964,8.5754,Switzerland,CH,Schaffhausen,,4643,4643
Bern,46.9480,7.4474,Switzerland,CH,Bern,primary,133798,133798
Berneck,47.4246,9.6125,Switzerland,CH,Sankt Gallen,,3963,3963
Bernex,46.1784,6.0684,Switzerland,CH,Genève,,10233,10233
Beromünster,47.1997,8.2000,Switzerland,CH,Luzern,,6580,6580
Bettingen,47.5708,7.6650,Switzerland,CH,Basel-Stadt,,1213,1213
Bettlach,47.2039,7.4250,Switzerland,CH,Solothurn,,4910,4910
Bettwiesen,47.5000,9.0333,Switzerland,CH,Thurgau,,1247,1247
Bevaix,46.9312,6.8041,Switzerland,CH,Neuchâtel,,3784,3784
Bex,46.2500,7.0167,Switzerland,CH,Vaud,,7771,7771
Bière,46.5333,6.3333,Switzerland,CH,Vaud,,1590,1590
Biasca,46.3500,8.9667,Switzerland,CH,Ticino,,6115,6115
Biberist,47.1828,7.5586,Switzerland,CH,Solothurn,,8567,8567
Biberstein,47.4141,8.0818,Switzerland,CH,Aargau,,1571,1571
Biel/Bienne,47.1372,7.2472,Switzerland,CH,Bern,,54456,54456
Biglen,46.9278,7.6267,Switzerland,CH,Bern,,1811,1811
Binningen,47.5333,7.5667,Switzerland,CH,Basel-Landschaft,,15580,15580
Bioggio,46.0167,8.9000,Switzerland,CH,Ticino,,2626,2626
Birmensdorf,47.3542,8.4378,Switzerland,CH,Zürich,,6385,6385
Birmenstorf,47.4636,8.2500,Switzerland,CH,Aargau,,2992,2992
Birr,47.4358,8.2028,Switzerland,CH,Aargau,,4354,4354
Birrwil,47.2902,8.1962,Switzerland,CH,Aargau,,1166,1166
Birsfelden,47.5531,7.6231,Switzerland,CH,Basel-Landschaft,,10299,10299
Birwinken,47.5833,9.2000,Switzerland,CH,Thurgau,,1319,1319
Bischofszell,47.4997,9.2333,Switzerland,CH,Thurgau,,6016,6016
Blonay,46.4667,6.9000,Switzerland,CH,Vaud,,6173,6173
Blumenstein,46.7331,7.5164,Switzerland,CH,Bern,,1246,1246
Bolligen,46.9761,7.4986,Switzerland,CH,Bern,,6262,6262
Boltigen,46.6291,7.3911,Switzerland,CH,Bern,,1262,1262
Bonaduz,46.8164,9.4000,Switzerland,CH,Graubünden,,3330,3330
Boncourt,47.5000,7.0167,Switzerland,CH,Jura,,1225,1225
Boniswil,47.3178,8.1858,Switzerland,CH,Aargau,,1427,1427
Bonstetten,47.3156,8.4692,Switzerland,CH,Zürich,,5543,5543
Boppelsen,47.4714,8.4033,Switzerland,CH,Zürich,,1365,1365
Borex,46.3787,6.1781,Switzerland,CH,Vaud,,1133,1133
Bossonnens,46.5167,6.8500,Switzerland,CH,Fribourg,,1505,1505
Boswil,47.3011,8.3139,Switzerland,CH,Aargau,,2837,2837
Bottens,46.6167,6.6667,Switzerland,CH,Vaud,,1297,1297
Bottighofen,47.6397,9.2014,Switzerland,CH,Thurgau,,2226,2226
Bottmingen,47.5236,7.5697,Switzerland,CH,Basel-Landschaft,,6691,6691
Boudry,46.9500,6.8333,Switzerland,CH,Neuchâtel,,6152,6152
Brügg,47.1264,7.2817,Switzerland,CH,Bern,,4388,4388
Brütten,47.4731,8.6744,Switzerland,CH,Zürich,,2016,2016
Breitenbach,47.4083,7.5444,Switzerland,CH,Solothurn,,3854,3854
Bremgarten,47.3528,8.3400,Switzerland,CH,Aargau,minor,7765,7765
Brienz,46.7497,8.0333,Switzerland,CH,Bern,,3090,3090
Brig-Glis,46.3159,7.9876,Switzerland,CH,Valais,minor,13109,13109
Brislach,47.4188,7.5428,Switzerland,CH,Basel-Landschaft,,1652,1652
Brissago,46.1167,8.7000,Switzerland,CH,Ticino,,1773,1773
Brittnau,47.2608,7.9472,Switzerland,CH,Aargau,,3954,3954
Broc,46.6000,7.1000,Switzerland,CH,Fribourg,,2651,2651
Bronschhofen,47.4831,9.0331,Switzerland,CH,Sankt Gallen,,4515,4515
Brugg,47.4864,8.2083,Switzerland,CH,Aargau,,11129,11129
Brusio,46.2555,10.1190,Switzerland,CH,Graubünden,,1114,1114
Bubendorf,47.4497,7.7364,Switzerland,CH,Basel-Landschaft,,4389,4389
Bubikon,47.2694,8.8203,Switzerland,CH,Zürich,,7194,7194
Buchegg,47.1361,7.4764,Switzerland,CH,Solothurn,,2580,2580
Buchholterberg,46.8164,7.6833,Switzerland,CH,Bern,,1526,1526
Buchrain,47.0953,8.3475,Switzerland,CH,Luzern,,6116,6116
Buchs,47.1656,9.4711,Switzerland,CH,Sankt Gallen,,12612,12612
Buchs,47.3889,8.0747,Switzerland,CH,Aargau,,7966,7966
Buchs,47.4589,8.4378,Switzerland,CH,Zürich,,6303,6303
Bulle,46.6167,7.0500,Switzerland,CH,Fribourg,,22709,22709
Buochs,46.9746,8.4207,Switzerland,CH,Nidwalden,,5312,5312
Burg,47.2372,8.1819,Switzerland,CH,Aargau,,1023,1023
Burgdorf,47.0567,7.6264,Switzerland,CH,Bern,,16280,16280
Burgistein,46.7921,7.5032,Switzerland,CH,Bern,,1096,1096
Bussy,46.5500,6.5500,Switzerland,CH,Vaud,,8736,8736
Buttisholz,47.1136,8.0944,Switzerland,CH,Luzern,,3294,3294
Buttwil,47.2677,8.3111,Switzerland,CH,Aargau,,1228,1228
Buus,47.5053,7.8644,Switzerland,CH,Basel-Landschaft,,1066,1066
Cadempino,46.0333,8.9333,Switzerland,CH,Ticino,,1530,1530
Cadenazzo,46.1500,8.9500,Switzerland,CH,Ticino,,2932,2932
Canobbio,46.0333,8.9667,Switzerland,CH,Ticino,,2249,2249
Carouge,46.1817,6.1404,Switzerland,CH,Genève,,22336,22336
Caslano,45.9699,8.8795,Switzerland,CH,Ticino,,4356,4356
Castel San Pietro,45.8823,9.0153,Switzerland,CH,Ticino,,2159,2159
Cazis,46.7372,9.4267,Switzerland,CH,Graubünden,,2223,2223
Cernier,47.0606,6.9021,Switzerland,CH,Neuchâtel,,2000,2000
Cevio,46.3783,8.5423,Switzerland,CH,Ticino,,1159,1159
Château-d’Oex,46.4667,7.1167,Switzerland,CH,Vaud,,3459,3459
Châtel-Saint-Denis,46.5269,6.9011,Switzerland,CH,Fribourg,,6969,6969
Chéserex,46.4167,6.1667,Switzerland,CH,Vaud,,1221,1221
Chêne-Bougeries,46.1833,6.1833,Switzerland,CH,Genève,,12215,12215
Chalais,46.2477,7.5302,Switzerland,CH,Valais,,3524,3524
Chamoson,46.2000,7.2167,Switzerland,CH,Valais,,3897,3897
Champéry,46.1751,6.8714,Switzerland,CH,Valais,,1336,1336
Champagne,46.8358,6.6516,Switzerland,CH,Vaud,,1035,1035
Chancy,46.1476,5.9789,Switzerland,CH,Genève,,1686,1686
Chardonne,46.4886,6.8216,Switzerland,CH,Vaud,,2944,2944
Charrat,46.1167,7.1333,Switzerland,CH,Valais,,1849,1849
Chavannes-de-Bogis,46.3500,6.1667,Switzerland,CH,Vaud,,1285,1285
Chavannes-près-Renens,46.5282,6.5762,Switzerland,CH,Vaud,,7724,7724
Chavornay,46.7065,6.5690,Switzerland,CH,Vaud,,5000,5000
Cheseaux-sur-Lausanne,46.5833,6.6000,Switzerland,CH,Vaud,,4342,4342
Chexbres,46.4843,6.7801,Switzerland,CH,Vaud,,2238,2238
Chiasso,45.8353,9.0320,Switzerland,CH,Ticino,,7975,7975
Chippis,46.2833,7.5333,Switzerland,CH,Valais,,1617,1617
Choulex,46.2263,6.2238,Switzerland,CH,Genève,,1179,1179
Chur,46.8521,9.5297,Switzerland,CH,Graubünden,admin,35038,35038
Churwalden,46.7808,9.5433,Switzerland,CH,Graubünden,,1949,1949
Coldrerio,45.8500,8.9833,Switzerland,CH,Ticino,,2939,2939
Cologny,46.2167,6.1833,Switzerland,CH,Genève,,5570,5570
Colombier,46.9667,6.8667,Switzerland,CH,Neuchâtel,,5547,5547
Comano,46.0333,8.9500,Switzerland,CH,Ticino,,2035,2035
Commugny,46.3167,6.1833,Switzerland,CH,Vaud,,2874,2874
Confignon,46.1834,6.0833,Switzerland,CH,Genève,,4627,4627
Conthey,46.2725,7.2548,Switzerland,CH,Valais,,8691,8691
Coppet,46.3214,6.1891,Switzerland,CH,Vaud,,3152,3152
Corcelles-près-Payerne,46.8333,6.9667,Switzerland,CH,Vaud,,2480,2480
Corgémont,47.1911,7.1386,Switzerland,CH,Bern,,1706,1706
Corminboeuf,46.8000,7.1000,Switzerland,CH,Fribourg,,2695,2695
Cornaux,47.0387,7.0199,Switzerland,CH,Neuchâtel,,1563,1563
Cornol,47.4000,7.1667,Switzerland,CH,Jura,,1010,1010
Corseaux,46.4667,6.8333,Switzerland,CH,Vaud,,2282,2282
Corsier,46.2621,6.2283,Switzerland,CH,Genève,,2108,2108
Corsier-sur-Vevey,46.4667,6.8500,Switzerland,CH,Vaud,,3390,3390
Cortaillod,46.9440,6.8479,Switzerland,CH,Neuchâtel,,4729,4729
Cottens,46.7500,7.0333,Switzerland,CH,Fribourg,,1509,1509
Courgenay,47.4000,7.1333,Switzerland,CH,Jura,,2329,2329
Courgevaux,46.9065,7.1121,Switzerland,CH,Fribourg,,1420,1420
Courrendlin,47.3333,7.3667,Switzerland,CH,Jura,,2995,2995
Courroux,47.3692,7.3930,Switzerland,CH,Jura,,3314,3314
Court,47.2403,7.3375,Switzerland,CH,Bern,,1427,1427
Courtételle,47.3309,7.3176,Switzerland,CH,Jura,,2610,2610
Courtelary,47.1792,7.0722,Switzerland,CH,Bern,minor,1437,1437
Courtepin,46.8667,7.1167,Switzerland,CH,Fribourg,,5451,5451
Crassier,46.3667,6.1667,Switzerland,CH,Vaud,,1177,1177
Cressier,46.9000,7.1333,Switzerland,CH,Fribourg,,1001,1001
Cressier,47.0508,7.0356,Switzerland,CH,Neuchâtel,,1886,1886
Crissier,46.5500,6.5833,Switzerland,CH,Vaud,,7930,7930
Cudrefin,46.9521,7.0271,Switzerland,CH,Vaud,,1632,1632
Cugy,46.5815,6.6437,Switzerland,CH,Vaud,,2737,2737
Cugy,46.8147,6.8908,Switzerland,CH,Fribourg,,1752,1752
Cureglia,46.0333,8.9500,Switzerland,CH,Ticino,,1385,1385
Dägerlen,47.5619,8.7231,Switzerland,CH,Zürich,,1012,1012
Dällikon,47.4406,8.4389,Switzerland,CH,Zürich,,4100,4100
Däniken,47.3567,7.9819,Switzerland,CH,Solothurn,,2851,2851
Dänikon,47.4469,8.4069,Switzerland,CH,Zürich,,1869,1869
Dörflingen,47.7075,8.7202,Switzerland,CH,Schaffhausen,,1028,1028
Döttingen,47.5706,8.2597,Switzerland,CH,Aargau,,4057,4057
Dübendorf,47.3981,8.6194,Switzerland,CH,Zürich,,28002,28002
Düdingen,46.8461,7.1906,Switzerland,CH,Fribourg,,7961,7961
Dürnten,47.2789,8.8433,Switzerland,CH,Zürich,,7518,7518
Dürrenäsch,47.3219,8.1569,Switzerland,CH,Aargau,,1255,1255
Dürrenroth,47.0892,7.7910,Switzerland,CH,Bern,,1061,1061
Dachsen,47.6656,8.6186,Switzerland,CH,Zürich,,1931,1931
Dagmersellen,47.2131,7.9894,Switzerland,CH,Luzern,,5503,5503
Daillens,46.6167,6.5500,Switzerland,CH,Vaud,,1027,1027
Dallenwil,46.9344,8.3917,Switzerland,CH,Nidwalden,,1845,1845
Dardagny,46.1952,5.9946,Switzerland,CH,Genève,,1864,1864
Davos,46.8091,9.8398,Switzerland,CH,Graubünden,minor,10862,10862
Degersheim,47.3667,9.1997,Switzerland,CH,Sankt Gallen,,4129,4129
Deitingen,47.2158,7.6236,Switzerland,CH,Solothurn,,2207,2207
Delémont,47.3653,7.3472,Switzerland,CH,Jura,admin,12682,12682
Denges,46.5234,6.5390,Switzerland,CH,Vaud,,1611,1611
Derendingen,47.1919,7.5899,Switzerland,CH,Solothurn,,6483,6483
Develier,47.3500,7.2833,Switzerland,CH,Jura,,1354,1354
Diegten,47.4133,7.8112,Switzerland,CH,Basel-Landschaft,,1656,1656
Dielsdorf,47.4836,8.4542,Switzerland,CH,Zürich,,5940,5940
Diemtigen,46.6494,7.5651,Switzerland,CH,Bern,,2248,2248
Diepoldsau,47.3831,9.6500,Switzerland,CH,Sankt Gallen,,6469,6469
Diessenhofen,47.6833,8.7497,Switzerland,CH,Thurgau,,3998,3998
Dietikon,47.4056,8.4039,Switzerland,CH,Zürich,,26936,26936
Dietlikon,47.4200,8.6192,Switzerland,CH,Zürich,,7685,7685
Dietwil,47.1488,8.3920,Switzerland,CH,Aargau,,1336,1336
Dinhard,47.5575,8.7697,Switzerland,CH,Zürich,,1551,1551
Dintikon,47.3650,8.2292,Switzerland,CH,Aargau,,2228,2228
Domat/Ems,46.8198,9.4545,Switzerland,CH,Graubünden,minor,8037,8037
Dornach,47.4789,7.6181,Switzerland,CH,Solothurn,,6778,6778
Dottikon,47.3844,8.2403,Switzerland,CH,Aargau,,3881,3881
Dotzigen,47.1206,7.3403,Switzerland,CH,Bern,,1457,1457
Duggingen,47.4500,7.6000,Switzerland,CH,Basel-Landschaft,,1541,1541
Duillier,46.4167,6.2333,Switzerland,CH,Vaud,,1080,1080
Dulliken,47.3525,7.9458,Switzerland,CH,Solothurn,,5048,5048
Ebnat-Kappel,47.2632,9.1234,Switzerland,CH,Sankt Gallen,,5031,5031
Echallens,46.6333,6.6333,Switzerland,CH,Vaud,minor,5740,5740
Echichens,46.5333,6.5000,Switzerland,CH,Vaud,,3059,3059
Eclépens,46.6500,6.5333,Switzerland,CH,Vaud,,1212,1212
Ecublens,46.5276,6.5605,Switzerland,CH,Vaud,,12854,12854
Egerkingen,47.3219,7.7944,Switzerland,CH,Solothurn,,3683,3683
Egg,47.3019,8.6906,Switzerland,CH,Zürich,,8596,8596
Eggenwil,47.3706,8.3403,Switzerland,CH,Aargau,,1053,1053
Eggiwil,46.8757,7.7957,Switzerland,CH,Bern,,2438,2438
Eglisau,47.5733,8.5261,Switzerland,CH,Zürich,,5170,5170
Egliswil,47.3499,8.1863,Switzerland,CH,Aargau,,1456,1456
Egnach,47.5497,9.3833,Switzerland,CH,Thurgau,,4711,4711
Ehrendingen,47.4995,8.3443,Switzerland,CH,Aargau,,4823,4823
Eich,47.1506,8.1678,Switzerland,CH,Luzern,,1626,1626
Eichberg,47.3430,9.5308,Switzerland,CH,Sankt Gallen,,1524,1524
Eiken,47.5331,7.9903,Switzerland,CH,Aargau,,2289,2289
Einsiedeln,47.1278,8.7431,Switzerland,CH,Schwyz,minor,15550,15550
Elgg,47.4914,8.8645,Switzerland,CH,Zürich,,4903,4903
Elsau,47.5061,8.8028,Switzerland,CH,Zürich,,3660,3660
Embrach,47.5103,8.5933,Switzerland,CH,Zürich,,9419,9419
Emmen,47.0772,8.3000,Switzerland,CH,Luzern,,29292,29292
Emmetten,46.9567,8.5181,Switzerland,CH,Nidwalden,,1429,1429
Endingen,47.5386,8.2903,Switzerland,CH,Aargau,,2574,2574
Engelberg,46.8206,8.4028,Switzerland,CH,Obwalden,,4181,4181
Ennenda,47.0336,9.0775,Switzerland,CH,Glarus,,2808,2808
Ennetbürgen,46.9844,8.4139,Switzerland,CH,Nidwalden,,4801,4801
Ennetbaden,47.4817,8.3167,Switzerland,CH,Aargau,,3498,3498
Ennetmoos,46.9567,8.3372,Switzerland,CH,Nidwalden,,2193,2193
Entlebuch,46.9928,8.0631,Switzerland,CH,Luzern,,3315,3315
Epalinges,46.5500,6.6667,Switzerland,CH,Vaud,,9611,9611
Ependes,46.7500,7.1500,Switzerland,CH,Fribourg,,1089,1089
Eriswil,47.0831,7.8500,Switzerland,CH,Bern,,1396,1396
Erlach,47.0426,7.0974,Switzerland,CH,Bern,,1384,1384
Erlen,47.5497,9.2331,Switzerland,CH,Thurgau,,3749,3749
Erlenbach im Simmental,46.6608,7.5529,Switzerland,CH,Bern,,1744,1744
Erlenbach,47.3044,8.5922,Switzerland,CH,Zürich,,5567,5567
Erlinsbach,47.4067,8.0069,Switzerland,CH,Aargau,,3556,3556
Ermatingen,47.6692,9.0797,Switzerland,CH,Thurgau,,3455,3455
Ersigen,47.0917,7.5942,Switzerland,CH,Bern,,2066,2066
Eschenbach,47.1328,8.3197,Switzerland,CH,Luzern,,3589,3589
Eschenz,47.6500,8.8664,Switzerland,CH,Thurgau,,1743,1743
Eschlikon,47.4610,8.9590,Switzerland,CH,Thurgau,,4372,4372
Essertines-sur-Yverdon,46.7167,6.6333,Switzerland,CH,Vaud,,1023,1023
Estavayer-le-Lac,46.8500,6.8472,Switzerland,CH,Fribourg,,9712,9712
Etagnières,46.6000,6.6167,Switzerland,CH,Vaud,,1115,1115
Etoy,46.4833,6.4167,Switzerland,CH,Vaud,,2898,2898
Ettingen,47.4809,7.5444,Switzerland,CH,Basel-Landschaft,,5156,5156
Ettiswil,47.1486,8.0172,Switzerland,CH,Luzern,,2747,2747
Evilard,47.1514,7.2389,Switzerland,CH,Bern,,2674,2674
Evionnaz,46.1792,7.0225,Switzerland,CH,Valais,,1265,1265
Evolène,46.1128,7.4961,Switzerland,CH,Valais,,1684,1684
Eysins,46.3833,6.2000,Switzerland,CH,Vaud,,1608,1608
Fällanden,47.3717,8.6400,Switzerland,CH,Zürich,,8575,8575
Fétigny,46.7961,6.9144,Switzerland,CH,Fribourg,,1060,1060
Füllinsdorf,47.5056,7.7297,Switzerland,CH,Basel-Landschaft,,4484,4484
Fahrwangen,47.2958,8.2431,Switzerland,CH,Aargau,,2136,2136
Faido,46.4833,8.8000,Switzerland,CH,Ticino,,2903,2903
Fehraltorf,47.3861,8.7547,Switzerland,CH,Zürich,,6378,6378
Felsberg,46.8331,9.4664,Switzerland,CH,Graubünden,,2622,2622
Ferenbalm,46.9487,7.2115,Switzerland,CH,Bern,,1260,1260
Feuerthalen,47.6922,8.6453,Switzerland,CH,Zürich,,3636,3636
Feusisberg,47.1869,8.7472,Switzerland,CH,Schwyz,,5262,5262
Fischenthal,47.3322,8.9211,Switzerland,CH,Zürich,,2504,2504
Fischingen,47.4164,8.9667,Switzerland,CH,Thurgau,,2791,2791
Fislisbach,47.4386,8.2944,Switzerland,CH,Aargau,,5544,5544
Flüeln,46.9146,8.6460,Switzerland,CH,Uri,,1972,1972
Flühli,46.8831,8.0164,Switzerland,CH,Luzern,,1961,1961
Flaach,47.5764,8.6092,Switzerland,CH,Zürich,,1375,1375
Flawil,47.4053,9.1977,Switzerland,CH,Sankt Gallen,,10520,10520
Flims,46.8331,9.2831,Switzerland,CH,Graubünden,,2834,2834
Flums,47.0928,9.3439,Switzerland,CH,Sankt Gallen,,4856,4856
Flurlingen,47.6839,8.6283,Switzerland,CH,Zürich,,1437,1437
Fontenais,47.4000,7.0833,Switzerland,CH,Jura,,1685,1685
Forel,46.5379,6.7629,Switzerland,CH,Vaud,,2078,2078
Founex,46.3364,6.1851,Switzerland,CH,Vaud,,3774,3774
Fraubrunnen,47.0850,7.5269,Switzerland,CH,Bern,,5106,5106
Frauenfeld,47.5580,8.8964,Switzerland,CH,Thurgau,,21979,21979
Frauenkappelen,46.9554,7.3334,Switzerland,CH,Bern,,1240,1240
Freienbach,47.2047,8.7578,Switzerland,CH,Schwyz,,16269,16269
Freienstein,47.5322,8.5847,Switzerland,CH,Zürich,,2376,2376
Freienwil,47.5030,8.3265,Switzerland,CH,Aargau,,1053,1053
Frenkendorf,47.5031,7.7144,Switzerland,CH,Basel-Landschaft,,6435,6435
Fribourg,46.8000,7.1500,Switzerland,CH,Fribourg,admin,38365,38365
Frick,47.5081,8.0222,Switzerland,CH,Aargau,,5563,5563
Froideville,46.5982,6.6918,Switzerland,CH,Vaud,,2579,2579
Frutigen,46.5831,7.6497,Switzerland,CH,Bern,,6921,6921
Fulenbach,47.2775,7.8361,Switzerland,CH,Solothurn,,1776,1776
Fully,46.1333,7.1167,Switzerland,CH,Valais,,8759,8759
Günsberg,47.2567,7.5761,Switzerland,CH,Solothurn,,1174,1174
Güttingen,47.5964,9.2864,Switzerland,CH,Thurgau,,1591,1591
Gachnang,47.5331,8.8500,Switzerland,CH,Thurgau,,4364,4364
Gais,47.3606,9.4511,Switzerland,CH,Appenzell Ausserrhoden,,3086,3086
Gams,47.2000,9.4333,Switzerland,CH,Sankt Gallen,,3471,3471
Gansingen,47.5442,8.1347,Switzerland,CH,Aargau,,1034,1034
Gebenstorf,47.4795,8.2424,Switzerland,CH,Aargau,,5414,5414
Gelterkinden,47.4653,7.8528,Switzerland,CH,Basel-Landschaft,,6200,6200
Geneva,46.2000,6.1500,Switzerland,CH,Genève,admin,201818,201818
Genolier,46.4333,6.2167,Switzerland,CH,Vaud,,1937,1937
Genthod,46.2667,6.1500,Switzerland,CH,Genève,,2782,2782
Gerlafingen,47.1722,7.5739,Switzerland,CH,Solothurn,,5202,5202
Geroldswil,47.4228,8.4108,Switzerland,CH,Zürich,,4918,4918
Gersau,46.9911,8.5247,Switzerland,CH,Schwyz,minor,2332,2332
Gerzensee,46.8333,7.5500,Switzerland,CH,Bern,,1215,1215
Gettnau,47.1403,7.9694,Switzerland,CH,Luzern,,1170,1170
Geuensee,47.1997,8.1069,Switzerland,CH,Luzern,,2940,2940
Giebenach,47.5231,7.7447,Switzerland,CH,Basel-Landschaft,,1055,1055
Giffers,46.7614,7.2103,Switzerland,CH,Fribourg,,1634,1634
Gilly,46.4500,6.3000,Switzerland,CH,Vaud,,1322,1322
Gimel,46.5102,6.3066,Switzerland,CH,Vaud,,2238,2238
Gingins,46.4167,6.1833,Switzerland,CH,Vaud,,1221,1221
Gisikon,47.1239,8.3981,Switzerland,CH,Luzern,,1387,1387
Giswil,46.8359,8.1188,Switzerland,CH,Obwalden,,3657,3657
Givrins,46.4333,6.2000,Switzerland,CH,Vaud,,1026,1026
Gland,46.4167,6.2667,Switzerland,CH,Vaud,,13106,13106
Glarus,47.0333,9.0667,Switzerland,CH,Glarus,admin,5996,5996
Glattfelden,47.5608,8.4994,Switzerland,CH,Zürich,,5189,5189
Gletterens,46.8950,6.9375,Switzerland,CH,Fribourg,,1070,1070
Goldach,47.4831,9.4664,Switzerland,CH,Sankt Gallen,,9269,9269
Gommiswald,47.2404,9.0474,Switzerland,CH,Sankt Gallen,,5164,5164
Gonten,47.3283,9.3467,Switzerland,CH,Appenzell Innerrhoden,,1455,1455
Gontenschwil,47.2733,8.1472,Switzerland,CH,Aargau,,2171,2171
Gordola,46.1884,8.8638,Switzerland,CH,Ticino,,4697,4697
Gorgier,46.9000,6.7833,Switzerland,CH,Neuchâtel,,2021,2021
Gossau,47.3081,8.7567,Switzerland,CH,Zürich,,9937,9937
Gossau,47.4164,9.2500,Switzerland,CH,Sankt Gallen,,18171,18171
Grône,46.2500,7.4500,Switzerland,CH,Valais,,2414,2414
Grächen,46.1967,7.8488,Switzerland,CH,Valais,,1251,1251
Gränichen,47.3583,8.0997,Switzerland,CH,Aargau,,7733,7733
Grüningen,47.2842,8.7625,Switzerland,CH,Zürich,,3361,3361
Grüsch,46.9664,9.6331,Switzerland,CH,Graubünden,,2076,2076
Grabs,47.1831,9.4500,Switzerland,CH,Sankt Gallen,,7068,7068
Grandson,46.8085,6.6443,Switzerland,CH,Vaud,,3357,3357
Gravesano,46.0500,8.9167,Switzerland,CH,Ticino,,1386,1386
Greifensee,47.3661,8.6786,Switzerland,CH,Zürich,,5345,5345
Grellingen,47.4422,7.5897,Switzerland,CH,Basel-Landschaft,,1845,1845
Grenchen,47.1931,7.3958,Switzerland,CH,Solothurn,,17140,17140
Greppen,47.0550,8.4294,Switzerland,CH,Luzern,,1118,1118
Gretzenbach,47.3581,7.9986,Switzerland,CH,Solothurn,,2783,2783
Grimisuat,46.2667,7.3833,Switzerland,CH,Valais,,3445,3445
Grindelwald,46.6256,8.0333,Switzerland,CH,Bern,,3801,3801
Grolley,46.8333,7.0667,Switzerland,CH,Fribourg,,1920,1920
Grono,46.2482,9.1477,Switzerland,CH,Graubünden,,1376,1376
Gross Höchstetten,46.8997,7.6333,Switzerland,CH,Bern,,4165,4165
Grossaffoltern,47.0667,7.3597,Switzerland,CH,Bern,,3017,3017
Grosswangen,47.1331,8.0500,Switzerland,CH,Luzern,,3241,3241
Grub,47.4481,9.5094,Switzerland,CH,Appenzell Ausserrhoden,,1008,1008
Gruyères,46.5836,7.0819,Switzerland,CH,Fribourg,,2199,2199
Gryon,46.2906,7.0975,Switzerland,CH,Vaud,,1364,1364
Guggisberg,46.7664,7.3331,Switzerland,CH,Bern,,1508,1508
Gunzgen,47.3164,7.8292,Switzerland,CH,Solothurn,,1652,1652
Hägendorf,47.3344,7.8444,Switzerland,CH,Solothurn,,5137,5137
Häggenschwil,47.4831,9.3500,Switzerland,CH,Sankt Gallen,,1364,1364
Hägglingen,47.3891,8.2523,Switzerland,CH,Aargau,,2422,2422
Härkingen,47.3094,7.8181,Switzerland,CH,Solothurn,,1644,1644
Hérémence,46.1833,7.4000,Switzerland,CH,Valais,,1392,1392
Hölstein,47.4261,7.7701,Switzerland,CH,Basel-Landschaft,,2528,2528
Höri,47.5086,8.5100,Switzerland,CH,Zürich,,2721,2721
Hünenberg,47.1761,8.4264,Switzerland,CH,Zug,,8807,8807
Hüntwangen,47.5961,8.4939,Switzerland,CH,Zürich,,1020,1020
Hüttwilen,47.5997,8.8667,Switzerland,CH,Thurgau,,1729,1729
Hagenbuch,47.5225,8.8883,Switzerland,CH,Zürich,,1105,1105
Haldenstein,46.8786,9.5269,Switzerland,CH,Graubünden,,1033,1033
Hallau,47.6966,8.4578,Switzerland,CH,Schaffhausen,,2220,2220
Hasle,46.9783,8.0467,Switzerland,CH,Luzern,,1743,1743
Haslen,47.3693,9.3675,Switzerland,CH,Appenzell Innerrhoden,minor,600,600
Hausen am Albis,47.2447,8.5344,Switzerland,CH,Zürich,,3646,3646
Hausen,47.4622,8.2139,Switzerland,CH,Aargau,,3633,3633
Hauterive,47.0167,6.9667,Switzerland,CH,Neuchâtel,,2623,2623
Hedingen,47.2986,8.4494,Switzerland,CH,Zürich,,3734,3734
Heiden,47.4411,9.5311,Switzerland,CH,Appenzell Ausserrhoden,,4161,4161
Heimberg,46.7831,7.5997,Switzerland,CH,Bern,,6827,6827
Heimenhausen,47.2097,7.7000,Switzerland,CH,Bern,,1142,1142
Heimiswil,47.0644,7.6597,Switzerland,CH,Bern,,1580,1580
Heitenried,46.8276,7.3045,Switzerland,CH,Fribourg,,1403,1403
Hendschiken,47.3872,8.2194,Switzerland,CH,Aargau,,1269,1269
Henggart,47.5650,8.6856,Switzerland,CH,Zürich,,2256,2256
Herdern,47.5997,8.8997,Switzerland,CH,Thurgau,,1079,1079
Hergiswil,46.9844,8.3125,Switzerland,CH,Nidwalden,,5777,5777
Herisau,47.3851,9.2786,Switzerland,CH,Appenzell Ausserrhoden,,15780,15780
Hermance,46.2936,6.2447,Switzerland,CH,Genève,,1062,1062
Herrliberg,47.2972,8.6302,Switzerland,CH,Zürich,,6290,6290
Herznach,47.4747,8.0514,Switzerland,CH,Aargau,,1545,1545
Herzogenbuchsee,47.1884,7.7062,Switzerland,CH,Bern,,7197,7197
Hettlingen,47.5478,8.7097,Switzerland,CH,Zürich,,3147,3147
Hildisrieden,47.1500,8.2292,Switzerland,CH,Luzern,,2333,2333
Hilterfingen,46.7432,7.6582,Switzerland,CH,Bern,,4044,4044
Hinwil,47.3033,8.8444,Switzerland,CH,Zürich,minor,11179,11179
Hirschthal,47.3206,8.0517,Switzerland,CH,Aargau,,1590,1590
Hirslen,47.3646,8.5663,Switzerland,CH,Zürich,,7465,7465
Hittnau,47.3700,8.8239,Switzerland,CH,Zürich,,3613,3613
Hitzkirch,47.2250,8.2622,Switzerland,CH,Luzern,,5201,5201
Hochdorf,47.1664,8.2889,Switzerland,CH,Luzern,,9832,9832
Hochfelden,47.5244,8.5167,Switzerland,CH,Zürich,,1927,1927
Hochwald,47.4569,7.6403,Switzerland,CH,Solothurn,,1310,1310
Hofstetten,47.4775,7.5153,Switzerland,CH,Sankt Gallen,,3157,3157
Hohenrain,47.1808,8.3178,Switzerland,CH,Luzern,,2474,2474
Holderbank,47.4331,8.1681,Switzerland,CH,Aargau,,1320,1320
Holziken,47.3219,8.0389,Switzerland,CH,Aargau,,1454,1454
Hombrechtikon,47.2533,8.7703,Switzerland,CH,Zürich,,8595,8595
Homburg,47.6333,9.0164,Switzerland,CH,Thurgau,,1543,1543
Horgen,47.2608,8.5975,Switzerland,CH,Zürich,,22662,22662
Horn,47.4953,9.4630,Switzerland,CH,Thurgau,,2752,2752
Horw,47.0164,8.3111,Switzerland,CH,Luzern,,14243,14243
Hunzenschwil,47.3858,8.1264,Switzerland,CH,Aargau,,4014,4014
Huttwil,47.1164,7.8500,Switzerland,CH,Bern,,4836,4836
Igis,46.9497,9.5667,Switzerland,CH,Graubünden,minor,3500, 3500
Ingenbohl,47.0028,8.6117,Switzerland,CH,Schwyz,,8912,8912
Innertkirchen,46.6997,8.2333,Switzerland,CH,Bern,,1063,1063
Ins,47.0000,7.1000,Switzerland,CH,Bern,,3564,3564
Interlaken,46.6881,7.8646,Switzerland,CH,Bern,minor,5592,5592
Inwil,47.1219,8.3497,Switzerland,CH,Luzern,,2557,2557
Itingen,47.4648,7.7848,Switzerland,CH,Basel-Landschaft,,2157,2157
Jegenstorf,47.0497,7.5069,Switzerland,CH,Bern,,5742,5742
Jenaz,46.9164,9.7164,Switzerland,CH,Graubünden,,1146,1146
Jonen,47.2983,8.3972,Switzerland,CH,Aargau,,2108,2108
Jongny,46.4876,6.8466,Switzerland,CH,Vaud,,1534,1534
Jonschwil,47.4283,9.0885,Switzerland,CH,Sankt Gallen,,3773,3773
Jussy,46.2371,6.2791,Switzerland,CH,Genève,,1279,1279
Kölliken,47.3375,8.0236,Switzerland,CH,Aargau,,4476,4476
Köniz,46.9250,7.4153,Switzerland,CH,Bern,,41507,41507
Künten,47.3896,8.3303,Switzerland,CH,Aargau,,1749,1749
Küsnacht,47.3181,8.5825,Switzerland,CH,Zürich,,14250,14250
Küssnacht,47.0828,8.4408,Switzerland,CH,Schwyz,minor,13084,13084
Küttigen,47.4164,8.0500,Switzerland,CH,Aargau,,6180,6180
Kaiseraugst,47.5414,7.7278,Switzerland,CH,Aargau,,5576,5576
Kaisten,47.5400,8.0458,Switzerland,CH,Aargau,,2670,2670
Kallnach,47.0222,7.2361,Switzerland,CH,Bern,,1918,1918
Kaltbrunn,47.2164,9.0333,Switzerland,CH,Sankt Gallen,,4839,4839
Kandersteg,46.4964,7.6744,Switzerland,CH,Bern,,1301,1301
Kappel am Albis,47.2286,8.5272,Switzerland,CH,Zürich,,1124,1124
Kappel,47.3250,7.8500,Switzerland,CH,Solothurn,,3237,3237
Kappelen,47.0608,7.2681,Switzerland,CH,Bern,,1419,1419
Kehrsatz,46.9094,7.4708,Switzerland,CH,Bern,,4302,4302
Kemmen,47.6164,9.1664,Switzerland,CH,Thurgau,,2545,2545
Kerns,46.9025,8.2761,Switzerland,CH,Obwalden,,6337,6337
Kestenholz,47.2833,7.7542,Switzerland,CH,Solothurn,,1805,1805
Kilchberg,47.3247,8.5492,Switzerland,CH,Zürich,,8437,8437
Killwangen,47.4316,8.3460,Switzerland,CH,Aargau,,2074,2074
Kirchberg,47.0858,7.5861,Switzerland,CH,Bern,,5965,5965
Kirchdorf,46.8203,7.5497,Switzerland,CH,Bern,,1844,1844
Kirchlindach,47.0000,7.4111,Switzerland,CH,Bern,,3158,3158
Kleinandelfingen,47.6000,8.6831,Switzerland,CH,Zürich,,2077,2077
Kleinlützel,47.4278,7.4167,Switzerland,CH,Solothurn,,1261,1261
Klingnau,47.5831,8.2500,Switzerland,CH,Aargau,,3480,3480
Klosters Platz,46.8548,9.9538,Switzerland,CH,Graubünden,,4437,4437
Kloten,47.4481,8.5828,Switzerland,CH,Zürich,,19362,19362
Knonau,47.2247,8.4614,Switzerland,CH,Zürich,,2301,2301
Knutwil,47.1997,8.0722,Switzerland,CH,Luzern,,2229,2229
Koblenz,47.6097,8.2372,Switzerland,CH,Aargau,,1656,1656
Konolfingen Dorf,46.8833,7.6167,Switzerland,CH,Bern,,5282,5282
Koppigen,47.1344,7.6042,Switzerland,CH,Bern,,2095,2095
Krattigen,46.6502,7.7402,Switzerland,CH,Bern,,1132,1132
Krauchthal,47.0108,7.5681,Switzerland,CH,Bern,,2365,2365
Kreuzlingen,47.6458,9.1783,Switzerland,CH,Thurgau,minor,21801,21801
Kriegstetten,47.1747,7.5986,Switzerland,CH,Solothurn,,1294,1294
Kriens,47.0344,8.2800,Switzerland,CH,Luzern,,26997,26997
La Chaux-de-Fonds,47.0996,6.8296,Switzerland,CH,Neuchâtel,minor,38965,38965
La Neuveville,47.0653,7.0944,Switzerland,CH,Bern,,3738,3738
La Rippe,46.3833,6.1500,Switzerland,CH,Vaud,,1166,1166
La Roche,46.7000,7.1333,Switzerland,CH,Fribourg,,1711,1711
La Roche,47.4167,7.1667,Switzerland,CH,Jura,,1162,1162
La Sagne,47.0388,6.7988,Switzerland,CH,Neuchâtel,,1016,1016
La Sarraz,46.6580,6.5084,Switzerland,CH,Vaud,,2595,2595
La Sonnaz,46.8339,7.1086,Switzerland,CH,Fribourg,,1190,1190
La Tour-de-Peilz,46.4500,6.8667,Switzerland,CH,Vaud,,11829,11829
La Verrerie,46.6167,6.9167,Switzerland,CH,Fribourg,,1188,1188
Läufelfingen,47.3950,7.8559,Switzerland,CH,Basel-Landschaft,,1291,1291
L’Abbaye,46.6500,6.3167,Switzerland,CH,Vaud,,1476,1476
L’Isle,46.6167,6.4167,Switzerland,CH,Vaud,,1001,1001
Löhningen,47.7019,8.5517,Switzerland,CH,Schaffhausen,,1472,1472
Lütisburg,47.3947,9.0811,Switzerland,CH,Sankt Gallen,,1576,1576
Lützelflüh,47.0091,7.6892,Switzerland,CH,Bern,,4146,4146
Laax,46.8460,9.2279,Switzerland,CH,Graubünden,,1857,1857
Lachen,47.1911,8.8567,Switzerland,CH,Schwyz,minor,8754,8754
Lamone,46.0500,8.9333,Switzerland,CH,Ticino,,1741,1741
Landecy,46.1897,6.1158,Switzerland,CH,Genève,,31942,31942
Landquart,46.9497,9.5667,Switzerland,CH,Graubünden,,8849,8849
Langendorf,47.2206,7.5144,Switzerland,CH,Solothurn,,3781,3781
Langenthal,47.2153,7.7889,Switzerland,CH,Bern,,15639,15639
Langnau am Albis,47.2894,8.5414,Switzerland,CH,Zürich,,7500,7500
Langnau,46.9433,7.7853,Switzerland,CH,Bern,minor,9366,9366
Langrickenbach,47.5936,9.2475,Switzerland,CH,Thurgau,,1291,1291
Langwiesen,47.6708,8.6367,Switzerland,CH,Zürich,,1669,1669
Lauerz,47.0347,8.5803,Switzerland,CH,Schwyz,,1100,1100
Laufen,47.4167,7.5000,Switzerland,CH,Basel-Landschaft,,5556,5556
Laufenburg,47.5608,8.0594,Switzerland,CH,Aargau,minor,3626,3626
Laupen,46.9000,7.2331,Switzerland,CH,Fribourg,,3138,3138
Laupersdorf,47.3150,7.6514,Switzerland,CH,Solothurn,,1813,1813
Lauperswil,46.9661,7.7417,Switzerland,CH,Bern,,2615,2615
Lausanne,46.5333,6.6333,Switzerland,CH,Vaud,admin,138905,138905
Lausen,47.4725,7.7597,Switzerland,CH,Basel-Landschaft,,5209,5209
Lauterbrunnen,46.5997,7.9086,Switzerland,CH,Bern,,2732,2732
Lavertezzo,46.1755,8.8961,Switzerland,CH,Ticino,,1302,1302
Le Chenit,46.6000,6.2333,Switzerland,CH,Vaud,,4586,4586
Le Grand-Saconnex,46.2333,6.1167,Switzerland,CH,Genève,,12162,12162
Le Landeron,47.0554,7.0691,Switzerland,CH,Neuchâtel,,4645,4645
Le Locle,47.0532,6.7482,Switzerland,CH,Neuchâtel,,10433,10433
Le Mont-sur-Lausanne,46.5500,6.6333,Switzerland,CH,Vaud,,8523,8523
Le Mouret,46.7500,7.1667,Switzerland,CH,Fribourg,,3153,3153
Le Noirmont,47.2137,6.9441,Switzerland,CH,Jura,,1847,1847
Le Pâquier,46.5943,7.0552,Switzerland,CH,Fribourg,,1344,1344
Le Vaud,46.4775,6.2337,Switzerland,CH,Vaud,,1310,1310
Leibstadt,47.5903,8.1764,Switzerland,CH,Aargau,,1325,1325
Leissigen,46.6497,7.7664,Switzerland,CH,Bern,,1123,1123
Lengnau,47.1817,7.3667,Switzerland,CH,Bern,,5254,5254
Lengnau,47.5222,8.3306,Switzerland,CH,Aargau,,2740,2740
Lengwil,47.6164,9.1831,Switzerland,CH,Thurgau,,1734,1734
Lens,46.2667,7.4333,Switzerland,CH,Valais,,4198,4198
Lenzburg,47.3875,8.1803,Switzerland,CH,Aargau,,10569,10569
Lenzerheide,46.7289,9.5567,Switzerland,CH,Graubünden,,2641,2641
Les Bois,47.1833,6.9000,Switzerland,CH,Jura,,1241,1241
Les Brenets,47.0667,6.7000,Switzerland,CH,Neuchâtel,,1044,1044
Les Breuleux,47.2052,7.0025,Switzerland,CH,Jura,,1526,1526
Les Montets,46.8164,6.8669,Switzerland,CH,Fribourg,,1474,1474
Les Ponts-de-Martel,46.9968,6.7266,Switzerland,CH,Neuchâtel,,1248,1248
Leuggern,47.5819,8.2194,Switzerland,CH,Aargau,,2169,2169
Leuk,46.3167,7.6333,Switzerland,CH,Valais,,3948,3948
Leukerbad,46.3833,7.6333,Switzerland,CH,Valais,,1368,1368
Leuzigen,47.1761,7.4597,Switzerland,CH,Bern,,1259,1259
Leysin,46.3333,7.0000,Switzerland,CH,Vaud,,4032,4032
Leytron,46.1833,7.2000,Switzerland,CH,Valais,,3204,3204
Lichtensteig,47.3164,9.0831,Switzerland,CH,Sankt Gallen,minor,1870,1870
Liesberg,47.4050,7.4300,Switzerland,CH,Basel-Landschaft,,1127,1127
Liestal,47.4839,7.7350,Switzerland,CH,Basel-Landschaft,admin,14390,14390
Lindau,47.4431,8.6719,Switzerland,CH,Zürich,,5621,5621
Linden,46.8500,7.6833,Switzerland,CH,Bern,,1299,1299
Littau,47.0494,8.2639,Switzerland,CH,Luzern,,17224,17224
Locarno,46.1664,8.7997,Switzerland,CH,Ticino,,16012,16012
Lommis,47.5164,8.9831,Switzerland,CH,Thurgau,,1215,1215
Lommiswil,47.2217,7.4711,Switzerland,CH,Solothurn,,1535,1535
Lonay,46.5333,6.5167,Switzerland,CH,Vaud,,2592,2592
Losone,46.1689,8.7421,Switzerland,CH,Ticino,,6701,6701
Lostorf,47.3844,7.9500,Switzerland,CH,Solothurn,,3952,3952
Lotzwil,47.1914,7.7931,Switzerland,CH,Bern,,2565,2565
Lucens,46.7092,6.8373,Switzerland,CH,Vaud,,4200,4200
Lucerne,47.0523,8.3059,Switzerland,CH,Luzern,admin,81691,81691
Lufingen,47.4897,8.5942,Switzerland,CH,Zürich,,2373,2373
Lugano,46.0103,8.9625,Switzerland,CH,Ticino,,63185,63185
Lully,46.8333,6.8447,Switzerland,CH,Fribourg,,1141,1141
Lumino,46.2383,9.0680,Switzerland,CH,Ticino,,1513,1513
Lungern,46.7872,8.1597,Switzerland,CH,Obwalden,,2119,2119
Lupfig,47.4414,8.2000,Switzerland,CH,Aargau,,3113,3113
Lupsingen,47.4456,7.6939,Switzerland,CH,Basel-Landschaft,,1436,1436
Luterbach,47.2194,7.5861,Switzerland,CH,Solothurn,,3479,3479
Luthern,47.0583,7.9158,Switzerland,CH,Luzern,,1275,1275
Lutry,46.5151,6.6990,Switzerland,CH,Vaud,,10289,10289
Luzein,46.9197,9.7668,Switzerland,CH,Graubünden,,1582,1582
Lyss,47.0750,7.3069,Switzerland,CH,Bern,,15279,15279
Lyssach,47.0644,7.5794,Switzerland,CH,Bern,,1446,1446
Mägenwil,47.4136,8.2333,Switzerland,CH,Appenzell Ausserrhoden,,2110,2110
Männedorf,47.2553,8.6917,Switzerland,CH,Zürich,,10957,10957
Märstetten,47.6000,9.0664,Switzerland,CH,Thurgau,,2898,2898
Mézières,46.6785,6.9258,Switzerland,CH,Fribourg,,1045,1045
Möhlin,47.5583,7.8458,Switzerland,CH,Aargau,,11042,11042
Mönchaltorf,47.3114,8.7222,Switzerland,CH,Zürich,,3715,3715
Mörel-Filet,46.3570,8.0480,Switzerland,CH,Valais,minor,680,680
Mörschwil,47.4676,9.4261,Switzerland,CH,Sankt Gallen,,3585,3585
Mühlau,47.2303,8.3917,Switzerland,CH,Aargau,,1175,1175
Mühleberg,46.9497,7.2667,Switzerland,CH,Bern,,2985,2985
Mühlethurnen,46.8136,7.5075,Switzerland,CH,Bern,,1402,1402
Müllheim,47.6028,9.0037,Switzerland,CH,Thurgau,,2991,2991
Mülligen,47.4581,8.2403,Switzerland,CH,Aargau,,1109,1109
Münchenstein,47.5186,7.6174,Switzerland,CH,Basel-Landschaft,,12096,12096
Münchwilen,47.4815,8.9924,Switzerland,CH,Thurgau,minor,5377,5377
Münster-Geschinen,46.4833,8.2500,Switzerland,CH,Valais,minor,2000,2000
Münsterlingen,47.6313,9.2337,Switzerland,CH,Thurgau,,3448,3448
Münstschemier,46.9833,7.1333,Switzerland,CH,Bern,,1404,1404
Madiswil,47.1664,7.8000,Switzerland,CH,Bern,,3277,3277
Magden,47.5289,7.8153,Switzerland,CH,Aargau,,3915,3915
Maggia,46.2480,8.7080,Switzerland,CH,Ticino,,2592,2592
Magliaso,45.9833,8.8833,Switzerland,CH,Ticino,,1620,1620
Malans,46.9819,9.5761,Switzerland,CH,Graubünden,,2378,2378
Malleray,47.2386,7.2708,Switzerland,CH,Bern,,1903,1903
Manno,46.0333,8.9167,Switzerland,CH,Ticino,,1324,1324
Marbach,46.8542,7.9000,Switzerland,CH,Luzern,,1212,1212
Marbach,47.3917,9.5681,Switzerland,CH,Sankt Gallen,,2105,2105
Marsens,46.6500,7.0667,Switzerland,CH,Fribourg,,1909,1909
Marthalen,47.6267,8.6506,Switzerland,CH,Zürich,,1949,1949
Martigny-Combe,46.0833,7.0500,Switzerland,CH,Valais,,2314,2314
Massagno,46.0167,8.9500,Switzerland,CH,Ticino,,6227,6227
Massongex,46.2500,6.9833,Switzerland,CH,Valais,,1785,1785
Matran,46.7839,7.0910,Switzerland,CH,Fribourg,,1521,1521
Matten,46.6664,7.8497,Switzerland,CH,Bern,,4101,4101
Matzendorf,47.3069,7.6306,Switzerland,CH,Solothurn,,1332,1332
Matzingen,47.5197,8.9325,Switzerland,CH,Thurgau,,2917,2917
Mauensee,47.1672,8.0658,Switzerland,CH,Luzern,,1458,1458
Maur,47.3417,8.6703,Switzerland,CH,Zürich,,10148,10148
Meggen,47.0464,8.3744,Switzerland,CH,Luzern,,7238,7238
Meierskappel,47.1256,8.4442,Switzerland,CH,Luzern,,1460,1460
Meikirch,47.0097,7.3653,Switzerland,CH,Bern,,2461,2461
Meilen,47.2703,8.6411,Switzerland,CH,Zürich,,13999,13999
Meinier,46.2430,6.2351,Switzerland,CH,Genève,,2131,2131
Meinisberg,47.1594,7.3478,Switzerland,CH,Bern,,1303,1303
Meiringen,46.7283,8.1861,Switzerland,CH,Bern,,4621,4621
Meisterschwanden,47.2961,8.2303,Switzerland,CH,Aargau,,2960,2960
Melano,45.9167,8.9833,Switzerland,CH,Ticino,,1439,1439
Melchnau,47.1831,7.8528,Switzerland,CH,Bern,,1517,1517
Melide,45.9500,8.9500,Switzerland,CH,Ticino,,1802,1802
Mellingen,47.4192,8.2764,Switzerland,CH,Aargau,,5633,5633
Mels,47.0497,9.4167,Switzerland,CH,Sankt Gallen,,8620,8620
Mendrisio,45.8667,8.9833,Switzerland,CH,Ticino,,14942,14942
Menziken,47.2400,8.1917,Switzerland,CH,Aargau,,6330,6330
Menzingen,47.1803,8.5917,Switzerland,CH,Zug,,4540,4540
Menznau,47.0831,8.0392,Switzerland,CH,Luzern,,2879,2879
Merenschwand,47.2622,8.3775,Switzerland,CH,Aargau,,3549,3549
Mesocco,46.3915,9.2374,Switzerland,CH,Graubünden,,1347,1347
Messen,47.0914,7.4486,Switzerland,CH,Solothurn,,1480,1480
Mettmenstetten,47.2447,8.4644,Switzerland,CH,Zürich,,4865,4865
Meyrin,46.2322,6.0791,Switzerland,CH,Genève,,24144,24144
Miège,46.3144,7.5484,Switzerland,CH,Valais,,1348,1348
Mies,46.3000,6.1667,Switzerland,CH,Vaud,,2078,2078
Minusio,46.1833,8.8167,Switzerland,CH,Ticino,,7303,7303
Montanaire,46.6667,6.7333,Switzerland,CH,Vaud,,2683,2683
Monte Ceneri,46.1250,8.9200,Switzerland,CH,Ticino,,4521,4521
Monthey,46.2500,6.9500,Switzerland,CH,Valais,,17563,17563
Montreux,46.4333,6.9167,Switzerland,CH,Vaud,,25984,25984
Mont-sur-Rolle,46.4667,6.3333,Switzerland,CH,Vaud,,2654,2654
Morbio Inferiore,45.8500,9.0167,Switzerland,CH,Ticino,,4575,4575
Morges,46.5094,6.4986,Switzerland,CH,Vaud,,15838,15838
Morrens,46.5833,6.6333,Switzerland,CH,Vaud,,1079,1079
Morschach,46.9817,8.6197,Switzerland,CH,Schwyz,,1159,1159
Mosnang,47.3500,9.0331,Switzerland,CH,Sankt Gallen,,2881,2881
Moudon,46.6687,6.7974,Switzerland,CH,Vaud,,6135,6135
Moutier,47.2803,7.3708,Switzerland,CH,Bern,,7378,7378
Muhen,47.3331,8.0528,Switzerland,CH,Aargau,,3877,3877
Mumpf,47.5472,7.9194,Switzerland,CH,Aargau,,1467,1467
Muolen,47.5167,9.3164,Switzerland,CH,Sankt Gallen,,1200,1200
Muralto,46.1667,8.8000,Switzerland,CH,Ticino,,2683,2683
Murgenthal,47.2664,7.8333,Switzerland,CH,Aargau,,2984,2984
Muri,46.9319,7.4872,Switzerland,CH,Bern,,13058,13058
Muri,47.2747,8.3417,Switzerland,CH,Aargau,minor,7810,7810
Murten,46.9281,7.1169,Switzerland,CH,Fribourg,,8222,8222
Muttenz,47.5228,7.6452,Switzerland,CH,Basel-Landschaft,,17805,17805
Nürensdorf,47.4467,8.6486,Switzerland,CH,Zürich,,5591,5591
Naters,46.3237,7.9886,Switzerland,CH,Valais,,10073,10073
Nebikon,47.1925,7.9781,Switzerland,CH,Luzern,,2635,2635
Neerach,47.5117,8.4725,Switzerland,CH,Zürich,,3140,3140
Neftenbach,47.5283,8.6681,Switzerland,CH,Zürich,,5692,5692
Neuchâtel,46.9903,6.9306,Switzerland,CH,Neuchâtel,admin,33475,33475
Neuendorf,47.3025,7.7944,Switzerland,CH,Solothurn,,2236,2236
Neuenhof,47.4469,8.3292,Switzerland,CH,Aargau,,8824,8824
Neuhausen am Rheinfall,47.6831,8.6167,Switzerland,CH,Schaffhausen,,10510,10510
Neuheim,47.2067,8.5778,Switzerland,CH,Zug,,2255,2255
Neunkirch,47.6900,8.4989,Switzerland,CH,Schaffhausen,,2289,2289
Neyruz,46.7667,7.0667,Switzerland,CH,Fribourg,,2566,2566
Nidau,47.1256,7.2403,Switzerland,CH,Bern,,6815,6815
Niederönz,47.1836,7.6894,Switzerland,CH,Bern,,1670,1670
Niederbüren,47.4664,9.2000,Switzerland,CH,Sankt Gallen,,1514,1514
Niederbipp,47.2658,7.6958,Switzerland,CH,Bern,,4715,4715
Niederbuchsiten,47.2969,7.7708,Switzerland,CH,Solothurn,,1175,1175
Niederdorf,47.4078,7.7533,Switzerland,CH,Basel-Landschaft,,1795,1795
Niedergösgen,47.3736,7.9931,Switzerland,CH,Solothurn,,3865,3865
Niederglatt,47.4922,8.5033,Switzerland,CH,Zürich,,4917,4917
Niederhasli,47.4822,8.4861,Switzerland,CH,Zürich,,9188,9188
Niederhelfenschwil,47.4833,9.1831,Switzerland,CH,Sankt Gallen,,3149,3149
Niederlenz,47.4025,8.1764,Switzerland,CH,Aargau,,4776,4776
Niederrohrdorf,47.4235,8.3049,Switzerland,CH,Aargau,,4105,4105
Niederweningen,47.5075,8.3789,Switzerland,CH,Zürich,,3024,3024
Niederwil,47.3803,8.2972,Switzerland,CH,Aargau,,2830,2830
Nottwil,47.1347,8.1369,Switzerland,CH,Luzern,,3857,3857
Novazzano,45.8500,8.9833,Switzerland,CH,Ticino,,2380,2380
Noville,46.3833,6.9000,Switzerland,CH,Vaud,,1118,1118
Nunningen,47.3942,7.6194,Switzerland,CH,Solothurn,,1880,1880
Nyon,46.3820,6.2389,Switzerland,CH,Vaud,,20272,20272
Oberbüren,47.4500,9.1664,Switzerland,CH,Sankt Gallen,,4447,4447
Oberbipp,47.2614,7.6592,Switzerland,CH,Bern,,1767,1767
Oberbuchsiten,47.3108,7.7667,Switzerland,CH,Solothurn,,2296,2296
Oberburg,47.0389,7.6275,Switzerland,CH,Bern,,2934,2934
Oberdorf,46.9525,8.3819,Switzerland,CH,Nidwalden,,3121,3121
Oberdorf,47.2319,7.5042,Switzerland,CH,Solothurn,,1723,1723
Oberdorf,47.3919,7.7514,Switzerland,CH,Basel-Landschaft,,2434,2434
Oberegg,47.4222,9.5533,Switzerland,CH,Appenzell Innerrhoden,,1916,1916
Oberembrach,47.4875,8.6183,Switzerland,CH,Zürich,,1073,1073
Oberengstringen,47.4103,8.4633,Switzerland,CH,Zürich,,6569,6569
Oberentfelden,47.3597,8.0486,Switzerland,CH,Aargau,,8360,8360
Obererli,47.1358,8.6136,Switzerland,CH,Schwyz,,6080,6080
Obergösgen,47.3664,7.9528,Switzerland,CH,Solothurn,,2203,2203
Obergerlafingen,47.1611,7.5833,Switzerland,CH,Solothurn,,1176,1176
Oberglatt,47.4775,8.5200,Switzerland,CH,Zürich,,6964,6964
Oberhelfenschwil,47.3497,9.1000,Switzerland,CH,Sankt Gallen,,1261,1261
Oberkirch,47.1564,8.1158,Switzerland,CH,Luzern,,4707,4707
Oberkulm,47.3000,8.1236,Switzerland,CH,Aargau,,2718,2718
Oberlunkhofen,47.3125,8.3977,Switzerland,CH,Aargau,,2037,2037
Obermumpf,47.5317,7.9375,Switzerland,CH,Aargau,,1074,1074
Oberrüti,47.1661,8.3948,Switzerland,CH,Aargau,,1534,1534
Oberrieden,47.2778,8.5781,Switzerland,CH,Zürich,,5083,5083
Oberriet,47.3164,9.5664,Switzerland,CH,Sankt Gallen,,8878,8878
Oberrohrdorf,47.4219,8.3167,Switzerland,CH,Aargau,,4072,4072
Obersiggenthal,47.4869,8.2921,Switzerland,CH,Aargau,,8565,8565
Oberstammheim,47.6339,8.7994,Switzerland,CH,Zürich,,1196,1196
Oberuzwil,47.4294,9.1236,Switzerland,CH,Sankt Gallen,,6412,6412
Oberweningen,47.5033,8.4078,Switzerland,CH,Zürich,,1797,1797
Oberwil,47.5135,7.5546,Switzerland,CH,Basel-Landschaft,,11136,11136
Obfelden,47.2639,8.4242,Switzerland,CH,Zürich,,5340,5340
Oensingen,47.2886,7.7139,Switzerland,CH,Solothurn,,6284,6284
Oeschgen,47.5219,8.0181,Switzerland,CH,Aargau,,1026,1026
Oetwil am See,47.2708,8.7211,Switzerland,CH,Zürich,,4754,4754
Oetwil an der Limmat,47.4308,8.3942,Switzerland,CH,Zürich,,2464,2464
Oftringen,47.3150,7.9236,Switzerland,CH,Aargau,,13791,13791
Ollon,46.2973,6.9935,Switzerland,CH,Vaud,,7497,7497
Olten,47.3531,7.9078,Switzerland,CH,Solothurn,,17133,17133
Onex,46.1833,6.1000,Switzerland,CH,Genève,,18977,18977
Opfikon,47.4331,8.5719,Switzerland,CH,Zürich,,19864,19864
Orbe,46.7245,6.5322,Switzerland,CH,Vaud,,6987,6987
Origlio,46.0500,8.9500,Switzerland,CH,Ticino,,1457,1457
Ormalingen,47.4706,7.8764,Switzerland,CH,Basel-Landschaft,,2215,2215
Orpund,47.1389,7.3064,Switzerland,CH,Bern,,2799,2799
Orsières,45.9723,7.1016,Switzerland,CH,Valais,,3183,3183
Orvin,47.1606,7.2139,Switzerland,CH,Bern,,1222,1222
Ossingen,47.6128,8.7269,Switzerland,CH,Zürich,,1566,1566
Ostermundigen,46.9553,7.4833,Switzerland,CH,Bern,,17546,17546
Otelfingen,47.4608,8.3911,Switzerland,CH,Zürich,,2831,2831
Othmarsingen,47.4012,8.2153,Switzerland,CH,Aargau,,2897,2897
Ottenbach,47.2814,8.4039,Switzerland,CH,Zürich,,2556,2556
Pampigny,46.5802,6.4266,Switzerland,CH,Vaud,,1114,1114
Paradiso,45.9833,8.9500,Switzerland,CH,Ticino,,4144,4144
Paudex,46.5084,6.6737,Switzerland,CH,Vaud,,1504,1504
Payerne,46.8167,6.9333,Switzerland,CH,Vaud,,9943,9943
Penthalaz,46.6128,6.5291,Switzerland,CH,Vaud,,3283,3283
Penthaz,46.6000,6.5333,Switzerland,CH,Vaud,,1749,1749
Perroy,46.4667,6.3667,Switzerland,CH,Vaud,,1536,1536
Peseux,46.9955,6.8895,Switzerland,CH,Neuchâtel,,5809,5809
Pfäfers,46.9831,9.4997,Switzerland,CH,Sankt Gallen,,1564,1564
Pfäffikon,47.3667,8.7822,Switzerland,CH,Zürich,minor,11817,11817
Pfaffnau,47.2278,7.8994,Switzerland,CH,Luzern,,2678,2678
Pfeffingen,47.4600,7.5906,Switzerland,CH,Basel-Landschaft,,2336,2336
Pfungen,47.5156,8.6469,Switzerland,CH,Zürich,,3845,3845
Pfyn,47.6022,8.9527,Switzerland,CH,Thurgau,,2016,2016
Plaffeien,46.7412,7.2871,Switzerland,CH,Fribourg,,3594,3594
Plan-les-Ouates,46.1667,6.1167,Switzerland,CH,Genève,,10656,10656
Plasselb,46.7333,7.2500,Switzerland,CH,Fribourg,,1048,1048
Ponte Capriasca,46.0667,8.9500,Switzerland,CH,Ticino,,1904,1904
Pont-en-Ogoz,46.6833,7.0833,Switzerland,CH,Fribourg,,1824,1824
Pontresina,46.4997,9.8997,Switzerland,CH,Graubünden,,2162,2162
Porrentruy,47.4167,7.0833,Switzerland,CH,Jura,,6675,6675
Port,47.1167,7.2500,Switzerland,CH,Bern,,3695,3695
Porza,46.0167,8.9500,Switzerland,CH,Ticino,,1579,1579
Poschiavo,46.3333,10.0497,Switzerland,CH,Graubünden,,3516,3516
Préverenges,46.5167,6.5333,Switzerland,CH,Vaud,,5287,5287
Prangins,46.4000,6.2500,Switzerland,CH,Vaud,,4038,4038
Pratteln,47.5185,7.6928,Switzerland,CH,Basel-Landschaft,,16621,16621
Prilly,46.5333,6.6000,Switzerland,CH,Vaud,,12399,12399
Puidoux,46.4833,6.7667,Switzerland,CH,Vaud,,2878,2878
Pully,46.5167,6.6667,Switzerland,CH,Vaud,,18313,18313
Puplinge,46.2108,6.2322,Switzerland,CH,Genève,,2465,2465
Pura,45.9832,8.8655,Switzerland,CH,Ticino,,1341,1341
Quarten,47.0997,9.2333,Switzerland,CH,Sankt Gallen,,2937,2937
Quinto,46.5167,8.7000,Switzerland,CH,Ticino,,1026,1026
Römerswil,47.1694,8.2447,Switzerland,CH,Luzern,,1769,1769
Röschenz,47.4248,7.4759,Switzerland,CH,Basel-Landschaft,,1863,1863
Rüderswil,46.9844,7.7239,Switzerland,CH,Bern,,2383,2383
Rüeggisberg,46.8218,7.4394,Switzerland,CH,Bern,,1791,1791
Rüegsbach,47.0164,7.6831,Switzerland,CH,Bern,,3258,3258
Rümlang,47.4533,8.5331,Switzerland,CH,Zürich,,7929,7929
Rüschegg,46.7797,7.3931,Switzerland,CH,Bern,,1661,1661
Rüschlikon,47.3081,8.5542,Switzerland,CH,Zürich,,5830,5830
Rüthi,47.2958,9.5373,Switzerland,CH,Sankt Gallen,,2399,2399
Rüti,47.2614,8.8556,Switzerland,CH,Zürich,,12098,12098
Rüti,47.3206,9.4300,Switzerland,CH,Appenzell Innerrhoden,,3648,3648
Rüttenen,47.2303,7.5297,Switzerland,CH,Solothurn,,1462,1462
Radelfingen,46.9998,7.2683,Switzerland,CH,Bern,,1283,1283
Rafz,47.6122,8.5408,Switzerland,CH,Zürich,,4462,4462
Rain,47.1308,8.2575,Switzerland,CH,Luzern,,2770,2770
Ramsen,47.6997,8.7997,Switzerland,CH,Schaffhausen,,1469,1469
Rapperswil,47.0631,7.4100,Switzerland,CH,Bern,,2617,2617
Rapperswil-Jona,47.2286,8.8317,Switzerland,CH,Sankt Gallen,minor,26989,26989
Raron,46.3100,7.8000,Switzerland,CH,Valais,,1944,1944
Rebstein,47.3997,9.5833,Switzerland,CH,Sankt Gallen,,4387,4387
Recherswil,47.1636,7.5944,Switzerland,CH,Solothurn,,2009,2009
Rechthalten,46.7634,7.2460,Switzerland,CH,Fribourg,,1103,1103
Reconvilier,47.2361,7.2222,Switzerland,CH,Bern,,2317,2317
Regensdorf,47.4383,8.4744,Switzerland,CH,Zürich,,18253,18253
Rehetobel,47.4278,9.4816,Switzerland,CH,Appenzell Ausserrhoden,,1747,1747
Reichenbach im Kandertal,46.5753,7.7371,Switzerland,CH,Bern,,3616,3616
Reichenburg,47.1694,8.9744,Switzerland,CH,Schwyz,,3751,3751
Reiden,47.2431,7.9683,Switzerland,CH,Luzern,,7131,7131
Reigoldswil,47.3983,7.6914,Switzerland,CH,Basel-Landschaft,,1582,1582
Reinach,47.2539,8.1833,Switzerland,CH,Aargau,,8498,8498
Reinach,47.4936,7.5908,Switzerland,CH,Basel-Landschaft,,19144,19144
Reitnau,47.2525,8.0444,Switzerland,CH,Aargau,,1243,1243
Remaufens,46.5167,6.8667,Switzerland,CH,Fribourg,,1139,1139
Remetschwil,47.4108,8.3319,Switzerland,CH,Aargau,,1991,1991
Remigen,47.5164,8.1875,Switzerland,CH,Aargau,,1135,1135
Renens,46.5353,6.5897,Switzerland,CH,Vaud,minor,20927,20927
Rhäzüns,46.7997,9.3997,Switzerland,CH,Graubünden,,1496,1496
Rheinau,47.6458,8.6067,Switzerland,CH,Zürich,,1298,1298
Rheineck,47.4701,9.5834,Switzerland,CH,Sankt Gallen,,3419,3419
Rheinfelden,47.5539,7.7958,Switzerland,CH,Aargau,minor,13337,13337
Riaz,46.6333,7.0667,Switzerland,CH,Fribourg,,2780,2780
Richterswil,47.2081,8.7058,Switzerland,CH,Zürich,,13407,13407
Rickenbach bei Wil,47.4497,9.0497,Switzerland,CH,Thurgau,,2774,2774
Rickenbach,47.2194,8.1536,Switzerland,CH,Luzern,,3364,3364
Rickenbach,47.3414,7.8583,Switzerland,CH,Solothurn,,1012,1012
Rickenbach,47.5525,8.7958,Switzerland,CH,Zürich,,2655,2655
Ried bei Kerzers,46.9633,7.1810,Switzerland,CH,Fribourg,,1183,1183
Riedholz,47.2300,7.5681,Switzerland,CH,Solothurn,,2310,2310
Riehen,47.5794,7.6512,Switzerland,CH,Basel-Stadt,,21448,21448
Rifferswil,47.2331,8.4667,Switzerland,CH,Zürich,,1096,1096
Riggisberg,46.8094,7.4781,Switzerland,CH,Bern,,2553,2553
Ringgenberg,46.7029,7.8951,Switzerland,CH,Bern,,2561,2561
Riniken,47.4956,8.1875,Switzerland,CH,Aargau,,1452,1452
Riva San Vitale,45.9000,8.9667,Switzerland,CH,Ticino,,2646,2646
Roche,46.3500,6.9167,Switzerland,CH,Vaud,,1647,1647
Rochefort,46.9833,6.8167,Switzerland,CH,Neuchâtel,,1239,1239
Rodersdorf,47.4806,7.4569,Switzerland,CH,Solothurn,,1310,1310
Roggwil,47.2417,7.8236,Switzerland,CH,Bern,,4079,4079
Roggwil,47.4994,9.3950,Switzerland,CH,Thurgau,,3068,3068
Rohrbach,47.1372,7.8139,Switzerland,CH,Bern,,1480,1480
Rolle,46.4575,6.3317,Switzerland,CH,Vaud,,6259,6259
Romanel-sur-Lausanne,46.5667,6.6000,Switzerland,CH,Vaud,,3309,3309
Romanshorn,47.5635,9.3564,Switzerland,CH,Thurgau,,11167,11167
Romont,46.7001,6.9181,Switzerland,CH,Fribourg,,5276,5276
Root,47.1158,8.3914,Switzerland,CH,Luzern,,5040,5040
Rorbas,47.5341,8.5684,Switzerland,CH,Zürich,,2837,2837
Rorschach,47.4786,9.4936,Switzerland,CH,Sankt Gallen,minor,9439,9439
Rorschacherberg,47.4664,9.5000,Switzerland,CH,Sankt Gallen,,7285,7285
Rothenburg,47.0939,8.2717,Switzerland,CH,Luzern,,7571,7571
Rothenthurm,47.1042,8.6744,Switzerland,CH,Schwyz,,2412,2412
Rothrist,47.3028,7.8833,Switzerland,CH,Aargau,,9121,9121
Roveredo,46.2348,9.1257,Switzerland,CH,Graubünden,,2520,2520
Rue,46.6167,6.8167,Switzerland,CH,Fribourg,,1526,1526
Rupperswil,47.4025,8.1278,Switzerland,CH,Aargau,,5486,5486
Russikon,47.3953,8.7778,Switzerland,CH,Zürich,,4355,4355
Ruswil,47.0836,8.1261,Switzerland,CH,Luzern,,6856,6856
Saanen,46.4831,7.2664,Switzerland,CH,Bern,,6817,6817
Saas-Fee,46.1097,7.9292,Switzerland,CH,Valais,,1597,1597
Sachseln,46.8678,8.2386,Switzerland,CH,Obwalden,,5146,5146
Safenwil,47.3192,7.9833,Switzerland,CH,Aargau,,3842,3842
Saignelégier,47.2500,7.0000,Switzerland,CH,Jura,,2608,2608
Saillon,46.1667,7.1833,Switzerland,CH,Valais,,2618,2618
Saint George,46.5167,6.2667,Switzerland,CH,Vaud,,1032,1032
Saint Légier-La Chiésaz,46.4667,6.8833,Switzerland,CH,Vaud,,5184,5184
Saint Martin,46.5833,6.8667,Switzerland,CH,Fribourg,,1005,1005
Saint Moritz,46.4972,9.8378,Switzerland,CH,Graubünden,,4994,4994
Saint-Aubin,46.8900,6.9806,Switzerland,CH,Fribourg,,1801,1801
Saint-Aubin-Sauges,46.8949,6.7773,Switzerland,CH,Neuchâtel,,2399,2399
Saint-Blaise,47.0131,6.9864,Switzerland,CH,Neuchâtel,,3211,3211
Saint-Cergue,46.4500,6.1500,Switzerland,CH,Vaud,,2575,2575
Sainte-Croix,46.8237,6.4889,Switzerland,CH,Vaud,,4863,4863
Saint-Léonard,46.2566,7.4269,Switzerland,CH,Valais,,2442,2442
Saint-Maurice,46.2190,7.0047,Switzerland,CH,Valais,minor,4571,4571
Saint-Prex,46.4836,6.4575,Switzerland,CH,Vaud,,5679,5679
Saint-Sulpice,46.5167,6.5667,Switzerland,CH,Vaud,,4668,4668
Salenstein,47.6736,9.0497,Switzerland,CH,Thurgau,,1323,1323
Salgesch,46.3000,7.5667,Switzerland,CH,Valais,,1547,1547
Salmsach,47.5497,9.3664,Switzerland,CH,Thurgau,,1457,1457
Salvan,46.1167,7.0167,Switzerland,CH,Valais,,1393,1393
Samedan,46.5336,9.8719,Switzerland,CH,Graubünden,,2924,2924
Sankt Antoni,46.8167,7.2667,Switzerland,CH,Fribourg,,2076,2076
Sankt Gallen,47.4233,9.3772,Switzerland,CH,Sankt Gallen,admin,75833,75833
Sankt Margrethen,47.4497,9.6331,Switzerland,CH,Appenzell Ausserrhoden,,5886,5886
Sankt Niklaus,46.1833,7.8000,Switzerland,CH,Valais,,2239,2239
Sankt Stephan,46.5000,7.3831,Switzerland,CH,Bern,,1339,1339
Sankt Ursen,46.7869,7.2243,Switzerland,CH,Fribourg,,1345,1345
Sant’ Antonino,46.1500,8.9833,Switzerland,CH,Ticino,,2525,2525
Sarmenstorf,47.3122,8.2500,Switzerland,CH,Aargau,,2902,2902
Sarnen,46.8969,8.2469,Switzerland,CH,Obwalden,admin,10368,10368
Satigny,46.2141,6.0368,Switzerland,CH,Genève,,4185,4185
Sattel,47.0808,8.6339,Switzerland,CH,Schwyz,,1938,1938
Savièse,46.2500,7.3333,Switzerland,CH,Valais,,7712,7712
Savigny,46.5667,6.7167,Switzerland,CH,Vaud,,3357,3357
Savosa,46.0167,8.9500,Switzerland,CH,Ticino,,2213,2213
Saxon,46.1500,7.1667,Switzerland,CH,Valais,,5897,5897
Schänis,47.1588,9.0466,Switzerland,CH,Sankt Gallen,,3818,3818
Schöfflisdorf,47.5008,8.4169,Switzerland,CH,Zürich,,1398,1398
Schöftland,47.3053,8.0528,Switzerland,CH,Aargau,,4393,4393
Schönenberg,47.1939,8.6447,Switzerland,CH,Zürich,,1844,1844
Schönenbuch,47.5369,7.5008,Switzerland,CH,Basel-Landschaft,,1385,1385
Schönenwerd,47.3719,8.0028,Switzerland,CH,Solothurn,,4910,4910
Schötz,47.1711,7.9894,Switzerland,CH,Luzern,,4434,4434
Schübelbach,47.1733,8.9264,Switzerland,CH,Schwyz,,9249,9249
Schüpfen,47.0358,7.3747,Switzerland,CH,Bern,,3732,3732
Schüpfheim,46.9500,8.0150,Switzerland,CH,Luzern,minor,4219,4219
Schaffhausen,47.6965,8.6339,Switzerland,CH,Schaffhausen,admin,36587,36587
Schafisheim,47.3789,8.1431,Switzerland,CH,Aargau,,2997,2997
Schattdorf,46.8494,8.6713,Switzerland,CH,Uri,,5418,5418
Schenkon,47.1736,8.1369,Switzerland,CH,Luzern,,2939,2939
Schiers,46.9664,9.6833,Switzerland,CH,Graubünden,,2679,2679
Schinznach Bad,47.4497,8.1694,Switzerland,CH,Aargau,,1347,1347
Schinznach Dorf,47.4486,8.1445,Switzerland,CH,Aargau,,2255,2255
Schlatterlehn,47.3567,9.3961,Switzerland,CH,Appenzell Ausserrhoden,,1126,1126
Schleitheim,47.7493,8.4851,Switzerland,CH,Schaffhausen,,1681,1681
Schlieren,47.3989,8.4497,Switzerland,CH,Zürich,,18666,18666
Schmerikon,47.2253,8.9500,Switzerland,CH,Sankt Gallen,,3709,3709
Schmiedrued,47.2639,8.1125,Switzerland,CH,Aargau,,1168,1168
Schneisingen,47.5192,8.3667,Switzerland,CH,Aargau,,1462,1462
Schnottwil,47.1088,7.3912,Switzerland,CH,Solothurn,,1135,1135
Schongau,47.2672,8.2581,Switzerland,CH,Luzern,,1044,1044
Schwarzenberg,47.0142,8.1733,Switzerland,CH,Luzern,,1709,1709
Schwarzenburg,46.8167,7.3333,Switzerland,CH,Bern,,6829,6829
Schwellbrunn,47.3523,9.2490,Switzerland,CH,Appenzell Ausserrhoden,,1573,1573
Schwerzenbach,47.3818,8.6559,Switzerland,CH,Zürich,,5088,5088
Schwyz,47.0211,8.6536,Switzerland,CH,Schwyz,admin,14177,14177
Scuol,46.7970,10.2995,Switzerland,CH,Graubünden,,4591,4591
Seeberg,47.1550,7.6647,Switzerland,CH,Bern,,1560,1560
Seedorf,46.8828,8.6131,Switzerland,CH,Uri,,1858,1858
Seedorf,47.0347,7.3125,Switzerland,CH,Bern,,3114,3114
Seegräben,47.3433,8.7719,Switzerland,CH,Zürich,,1426,1426
Seengen,47.3275,8.2083,Switzerland,CH,Aargau,,3994,3994
Seewen,47.4358,7.6597,Switzerland,CH,Solothurn,,1010,1010
Seewis im Prätigau,46.9903,9.6375,Switzerland,CH,Graubünden,,1342,1342
Seftigen,46.7867,7.5408,Switzerland,CH,Bern,,2143,2143
Seltisberg,47.4594,7.7172,Switzerland,CH,Basel-Landschaft,,1301,1301
Selzach,47.2056,7.4556,Switzerland,CH,Solothurn,,3453,3453
Sembrancher,46.0780,7.1512,Switzerland,CH,Valais,,1042,1042
Sempach,47.1328,8.1936,Switzerland,CH,Luzern,,4169,4169
Semsales,46.5667,6.9333,Switzerland,CH,Fribourg,,1412,1412
Sennwald,47.2439,9.4768,Switzerland,CH,Sankt Gallen,,5592,5592
Seon,47.3458,8.1597,Switzerland,CH,Aargau,,5288,5288
Servion,46.5667,6.7833,Switzerland,CH,Vaud,,1944,1944
Seuzach,47.5358,8.7294,Switzerland,CH,Zürich,,7291,7291
Sevelen,47.1204,9.4857,Switzerland,CH,Sankt Gallen,,5103,5103
Sierre,46.2918,7.5320,Switzerland,CH,Valais,,16860,16860
Signau,46.9217,7.7267,Switzerland,CH,Bern,,2659,2659
Sigriswil,46.7164,7.7167,Switzerland,CH,Bern,,4832,4832
Silenen,46.7911,8.6692,Switzerland,CH,Uri,,1991,1991
Silvaplauna,46.4667,9.7997,Switzerland,CH,Graubünden,,1111,1111
Sins,47.1914,8.3969,Switzerland,CH,Aargau,,4259,4259
Sion,46.2304,7.3661,Switzerland,CH,Valais,,34708,34708
Sirnach,47.4664,8.9997,Switzerland,CH,Thurgau,,7767,7767
Sissach,47.4644,7.8106,Switzerland,CH,Basel-Landschaft,,6681,6681
Sisseln,47.5544,7.9903,Switzerland,CH,Aargau,,1616,1616
Siviriez,46.6500,6.8833,Switzerland,CH,Fribourg,,2238,2238
Solothurn,47.2081,7.5375,Switzerland,CH,Solothurn,admin,16777,16777
Sonvilier,47.1394,6.9653,Switzerland,CH,Bern,,1237,1237
Sorengo,46.0000,8.9333,Switzerland,CH,Ticino,,1774,1774
Sorens,46.6667,7.0667,Switzerland,CH,Fribourg,,1098,1098
Speicher,47.4106,9.4433,Switzerland,CH,Appenzell Ausserrhoden,,4379,4379
Spiez,46.6831,7.6664,Switzerland,CH,Bern,,12810,12810
Spreitenbach,47.4181,8.3661,Switzerland,CH,Aargau,,11788,11788
Stäfa,47.2401,8.7328,Switzerland,CH,Zürich,,14389,14389
Stüsslingen,47.3942,7.9708,Switzerland,CH,Solothurn,,1055,1055
Stabio,45.8500,8.9333,Switzerland,CH,Ticino,,4591,4591
Stadel bei Niederglatt,47.5294,8.4664,Switzerland,CH,Zürich,,2271,2271
Staffelbach,47.2831,8.0472,Switzerland,CH,Aargau,,1281,1281
Stalden,46.2333,7.8667,Switzerland,CH,Valais,,1086,1086
Stallikon,47.3272,8.4908,Switzerland,CH,Zürich,,3687,3687
Stans,46.9594,8.3667,Switzerland,CH,Nidwalden,admin,8393,8393
Stansstad,46.9803,8.3389,Switzerland,CH,Nidwalden,,4576,4576
Starrkirch,47.3483,7.9264,Switzerland,CH,Solothurn,,1714,1714
Staufen,47.3833,8.1667,Switzerland,CH,Aargau,,3336,3336
Steckborn,47.6664,8.9831,Switzerland,CH,Thurgau,,3753,3753
Steffisburg,46.7831,7.6333,Switzerland,CH,Bern,,15816,15816
Stein am Rhein,47.6594,8.8592,Switzerland,CH,Schaffhausen,,3376,3376
Stein,47.3733,9.3444,Switzerland,CH,Appenzell Ausserrhoden,,1423,1423
Stein,47.4997,9.4333,Switzerland,CH,Sankt Gallen,,3604,3604
Stein,47.5442,7.9514,Switzerland,CH,Aargau,,3198,3198
Steinen,47.0489,8.6114,Switzerland,CH,Schwyz,,3417,3417
Steinhaus,47.1969,8.4861,Switzerland,CH,Luzern,,10025,10025
Steinmaur,47.4942,8.4478,Switzerland,CH,Zürich,,3460,3460
Stetten,47.4014,8.3069,Switzerland,CH,Aargau,,2201,2201
Stetten,47.7331,8.6500,Switzerland,CH,Schaffhausen,,1351,1351
Stettfurt,47.5261,8.9556,Switzerland,CH,Thurgau,,1204,1204
Stettlen,46.9594,7.5236,Switzerland,CH,Bern,,3113,3113
Strengelbach,47.2817,7.9292,Switzerland,CH,Aargau,,4893,4893
Subingen,47.1967,7.6153,Switzerland,CH,Solothurn,,3201,3201
Suhr,47.3747,8.0806,Switzerland,CH,Aargau,,10424,10424
Sulgen,47.5423,9.1931,Switzerland,CH,Thurgau,,3869,3869
Sullens,46.6000,6.5667,Switzerland,CH,Vaud,,1036,1036
Sumiswald,47.0275,7.7453,Switzerland,CH,Bern,,5046,5046
Sumvitg,46.7164,8.9331,Switzerland,CH,Graubünden,,1158,1158
Sursee,47.1742,8.1081,Switzerland,CH,Luzern,minor,9900,9900
Tägerig,47.4039,8.2806,Switzerland,CH,Aargau,,1511,1511
Tägerwilen,47.6556,9.1311,Switzerland,CH,Thurgau,,4642,4642
Täsch,46.0667,7.7667,Switzerland,CH,Valais,,1318,1318
Täuffelen,47.0667,7.2000,Switzerland,CH,Bern,,2872,2872
Tübach,47.4833,9.4500,Switzerland,CH,Sankt Gallen,,1461,1461
Tafers,46.8163,7.2210,Switzerland,CH,Fribourg,minor,1000,1000
Tamins,46.8294,9.4066,Switzerland,CH,Graubünden,,1217,1217
Tannay,46.3000,6.1833,Switzerland,CH,Vaud,,1574,1574
Tavannes,47.2208,7.2014,Switzerland,CH,Bern,,3626,3626
Tegerfelden,47.5619,8.2848,Switzerland,CH,Aargau,,1190,1190
Teufen,47.3900,9.3900,Switzerland,CH,Appenzell Ausserrhoden,,6265,6265
Teufenthal,47.3317,8.1167,Switzerland,CH,Aargau,,1672,1672
Thônex,46.2000,6.2167,Switzerland,CH,Genève,,14122,14122
Thürnen,47.4572,7.8303,Switzerland,CH,Basel-Landschaft,,1363,1363
Thal,47.4664,9.5667,Switzerland,CH,Sankt Gallen,,6570,6570
Thalwil,47.2953,8.5647,Switzerland,CH,Zürich,,17784,17784
Thayngen,47.7331,8.6997,Switzerland,CH,Schaffhausen,,5453,5453
Therwil,47.4997,7.5500,Switzerland,CH,Basel-Landschaft,,9947,9947
Thierachern,46.7500,7.5667,Switzerland,CH,Bern,,2428,2428
Thun,46.7590,7.6300,Switzerland,CH,Bern,minor,43743,43743
Thundorf,47.5472,8.9644,Switzerland,CH,Thurgau,,1437,1437
Thunstetten,47.2039,7.7569,Switzerland,CH,Bern,,3395,3395
Thusis,46.6885,9.4328,Switzerland,CH,Graubünden,minor,3217,3217
Tiefencastel,46.6450,9.6131,Switzerland,CH,Graubünden,minor,4000,4000
Toffen,46.8588,7.4924,Switzerland,CH,Bern,,2509,2509
Tolochenaz,46.5000,6.4667,Switzerland,CH,Vaud,,1932,1932
Torricella,46.0667,8.9167,Switzerland,CH,Ticino,,3087,3087
Trélex,46.4167,6.2000,Switzerland,CH,Vaud,,1402,1402
Trüllikon,47.6392,8.6931,Switzerland,CH,Zürich,,1054,1054
Tramelan,47.2233,7.1014,Switzerland,CH,Bern,,4564,4564
Treyvaux,46.7333,7.1333,Switzerland,CH,Fribourg,,1470,1470
Triengen,47.2358,8.0758,Switzerland,CH,Luzern,,4652,4652
Trimbach,47.3636,7.9000,Switzerland,CH,Solothurn,,6543,6543
Trimmis,46.8958,9.5642,Switzerland,CH,Graubünden,,3304,3304
Trin,46.8624,9.3299,Switzerland,CH,Graubünden,,1429,1429
Trogen,47.4075,9.4647,Switzerland,CH,Appenzell Ausserrhoden,,1735,1735
Troinex,46.1631,6.1475,Switzerland,CH,Genève,,2501,2501
Troistorrents,46.2333,6.9167,Switzerland,CH,Valais,,4683,4683
Trub,46.9331,7.8831,Switzerland,CH,Bern,,1350,1350
Trun,46.7433,8.9831,Switzerland,CH,Graubünden,,1170,1170
Tuggen,47.2031,8.9456,Switzerland,CH,Schwyz,,3309,3309
Turbenthal,47.4383,8.8442,Switzerland,CH,Zürich,,4748,4748
Turgi,47.4946,8.2527,Switzerland,CH,Aargau,,3014,3014
Twann,47.0831,7.1500,Switzerland,CH,Bern,,1171,1171
Udligenswil,47.0906,8.4006,Switzerland,CH,Luzern,,2280,2280
Ueberstorf,46.8695,7.3264,Switzerland,CH,Fribourg,,2375,2375
Uerkheim,47.3053,8.0250,Switzerland,CH,Aargau,,1334,1334
Uetendorf,46.7664,7.5667,Switzerland,CH,Bern,,5892,5892
Uetikon am See,47.2669,8.6772,Switzerland,CH,Zürich,,6145,6145
Uitikon,47.3719,8.4531,Switzerland,CH,Zürich,,4239,4239
Unterägeri,47.1386,8.5844,Switzerland,CH,Zug,,8867,8867
Untereggen,47.4664,9.4497,Switzerland,CH,Sankt Gallen,,1073,1073
Unterengstringen,47.4147,8.4497,Switzerland,CH,Zürich,,3804,3804
Unterentfelden,47.3692,8.0417,Switzerland,CH,Aargau,,4155,4155
Unteriberg,47.0622,8.8036,Switzerland,CH,Schwyz,,2395,2395
Unterkulm,47.3122,8.1150,Switzerland,CH,Aargau,,3086,3086
Unterlunkhofen,47.3219,8.3819,Switzerland,CH,Aargau,,1415,1415
Unterseen,46.6872,7.8497,Switzerland,CH,Bern,,5750,5750
Untersiggenthal,47.5020,8.2538,Switzerland,CH,Aargau,,7240,7240
Untervaz,46.9275,9.5350,Switzerland,CH,Graubünden,,2517,2517
Urdorf,47.3867,8.4278,Switzerland,CH,Zürich,,9768,9768
Urnäsch,47.3181,9.2858,Switzerland,CH,Appenzell Ausserrhoden,,2315,2315
Ursy,46.6333,6.8333,Switzerland,CH,Fribourg,,3198,3198
Uster,47.3492,8.7192,Switzerland,CH,Zürich,minor,34442,34442
Uttwil,47.5844,9.3410,Switzerland,CH,Thurgau,,1857,1857
Utzenstorf,47.1269,7.5572,Switzerland,CH,Bern,,4331,4331
Uznach,47.2242,8.9839,Switzerland,CH,Sankt Gallen,,6416,6416
Vétroz,46.2258,7.2707,Switzerland,CH,Valais,,6372,6372
Vacallo,45.8500,9.0333,Switzerland,CH,Ticino,,3398,3398
Val-d’Illiez,46.2000,6.9000,Switzerland,CH,Valais,,1961,1961
Vallorbe,46.7167,6.3833,Switzerland,CH,Vaud,,3837,3837
Vals,46.6164,9.1833,Switzerland,CH,Graubünden,,1007,1007
Vandœuvres,46.2167,6.2000,Switzerland,CH,Genève,,2484,2484
Vaulruz,46.6167,6.9833,Switzerland,CH,Fribourg,,1063,1063
Vechigen,46.9469,7.5625,Switzerland,CH,Bern,,5298,5298
Veltheim,47.4400,8.1483,Switzerland,CH,Aargau,,1465,1465
Venthône,46.3000,7.5333,Switzerland,CH,Valais,,1283,1283
Vernayaz,46.1333,7.0333,Switzerland,CH,Valais,,1885,1885
Vernier,46.2000,6.1000,Switzerland,CH,Genève,,35132,35132
Versoix,46.2833,6.1667,Switzerland,CH,Genève,,13422,13422
Vevey,46.4667,6.8500,Switzerland,CH,Vaud,,19891,19891
Vex,46.2167,7.4000,Switzerland,CH,Valais,,1811,1811
Veyras,46.3000,7.5333,Switzerland,CH,Valais,,1833,1833
Veyrier,46.1667,6.1833,Switzerland,CH,Genève,,11609,11609
Vezia,46.0167,8.9333,Switzerland,CH,Ticino,,1914,1914
Vich,46.4333,6.2500,Switzerland,CH,Vaud,,1035,1035
Villars-le-Terroir,46.6500,6.6333,Switzerland,CH,Vaud,,1212,1212
Villars-sur-Glâne,46.7833,7.1167,Switzerland,CH,Fribourg,,12092,12092
Villaz-Saint-Pierre,46.7167,6.9500,Switzerland,CH,Fribourg,,1305,1305
Villeneuve,46.4063,6.9731,Switzerland,CH,Vaud,,5767,5767
Villigen,47.5262,8.2196,Switzerland,CH,Aargau,,2126,2126
Villmergen,47.3483,8.2456,Switzerland,CH,Aargau,,7324,7324
Villnachern,47.4714,8.1608,Switzerland,CH,Aargau,,1632,1632
Vionnaz,46.3167,6.9000,Switzerland,CH,Valais,,2727,2727
Visp,46.2922,7.8828,Switzerland,CH,Valais,,7891,7891
Visperterminen,46.2500,7.9000,Switzerland,CH,Valais,,1345,1345
Vitznau,47.0101,8.4842,Switzerland,CH,Luzern,,1379,1379
Volketswil,47.3906,8.6953,Switzerland,CH,Zürich,,18615,18615
Vollèges,46.0833,7.1667,Switzerland,CH,Valais,,2018,2018
Vordemwald,47.2761,7.9000,Switzerland,CH,Aargau,,1954,1954
Vorderthal,47.1203,8.9008,Switzerland,CH,Schwyz,,1015,1015
Vouvry,46.3333,6.8833,Switzerland,CH,Valais,,4198,4198
Vuadens,46.6167,7.0167,Switzerland,CH,Fribourg,,2405,2405
Vuarrens,46.6833,6.6500,Switzerland,CH,Vaud,,1004,1004
Vufflens-la-Ville,46.5833,6.5333,Switzerland,CH,Vaud,,1298,1298
Vuisternens-devant-Romont,46.6500,6.9333,Switzerland,CH,Fribourg,,2324,2324
Wädenswil,47.2303,8.6722,Switzerland,CH,Zürich,,21716,21716
Wäldi,47.6333,9.0831,Switzerland,CH,Thurgau,,1059,1059
Wängi,47.5000,8.9497,Switzerland,CH,Thurgau,,4720,4720
Wölflinswil,47.4611,7.9979,Switzerland,CH,Aargau,,1048,1048
Würenlingen,47.5322,8.2566,Switzerland,CH,Aargau,,4701,4701
Würenlos,47.4418,8.3647,Switzerland,CH,Aargau,,6482,6482
Wagenhausen,47.6597,8.8486,Switzerland,CH,Thurgau,,1694,1694
Wahlen,47.4028,7.5164,Switzerland,CH,Basel-Landschaft,,1462,1462
Walchwil,47.0997,8.5164,Switzerland,CH,Zug,,3663,3663
Wald,47.2753,8.9144,Switzerland,CH,Zürich,,9758,9758
Waldenburg,47.3831,7.7500,Switzerland,CH,Basel-Landschaft,,1125,1125
Waldkirch,47.4664,9.2831,Switzerland,CH,Sankt Gallen,,3500,3500
Waldstatt,47.3575,9.2858,Switzerland,CH,Appenzell Ausserrhoden,,1869,1869
Walenstadt,47.1234,9.3150,Switzerland,CH,Sankt Gallen,,5679,5679
Walkringen,46.9467,7.6200,Switzerland,CH,Bern,,1767,1767
Wallisellen,47.4122,8.5922,Switzerland,CH,Zürich,,15855,15855
Waltenschwil,47.3358,8.3053,Switzerland,CH,Aargau,,2933,2933
Waltikon,47.3667,8.5833,Switzerland,CH,Zürich,,10600,10600
Walzenhausen,47.4511,9.6014,Switzerland,CH,Appenzell Ausserrhoden,,1971,1971
Wangen an der Aare,47.2311,7.6502,Switzerland,CH,Bern,,2311,2311
Wangen bei Olten,47.3442,7.8694,Switzerland,CH,Solothurn,,5056,5056
Wangen,47.1908,8.8956,Switzerland,CH,Schwyz,,5053,5053
Wattenwil,46.7700,7.5072,Switzerland,CH,Bern,,2935,2935
Wattwil,47.2957,9.0830,Switzerland,CH,Sankt Gallen,,8736,8736
Wauwil,47.1831,8.0167,Switzerland,CH,Luzern,,2247,2247
Weesen,47.1427,9.0933,Switzerland,CH,Sankt Gallen,,1723,1723
Wegenstetten,47.5000,7.9333,Switzerland,CH,Aargau,,1066,1066
Weggis,47.0322,8.4383,Switzerland,CH,Luzern,,4368,4368
Weiach,47.5581,8.4375,Switzerland,CH,Zürich,,1750,1750
Weinfelden,47.5698,9.1120,Switzerland,CH,Thurgau,minor,11534,11534
Weiningen,47.4208,8.4356,Switzerland,CH,Zürich,,4760,4760
Weisslingen,47.4325,8.7639,Switzerland,CH,Zürich,,3301,3301
Welschenrohr,47.2814,7.5289,Switzerland,CH,Solothurn,,1114,1114
Werthenstein,47.0561,8.1017,Switzerland,CH,Luzern,,2121,2121
Wettingen,47.4659,8.3267,Switzerland,CH,Aargau,,20721,20721
Wetzikon,47.3208,8.7931,Switzerland,CH,Zürich,,24452,24452
Wichtrach,46.8428,7.5764,Switzerland,CH,Bern,,4294,4294
Widen,47.3700,8.3581,Switzerland,CH,Aargau,,3698,3698
Widnau,47.3997,9.6333,Switzerland,CH,Sankt Gallen,,9616,9616
Wiedlisbach,47.2520,7.6467,Switzerland,CH,Bern,,2377,2377
Wiesendangen,47.5222,8.7911,Switzerland,CH,Zürich,,6521,6521
Wigoltingen,47.5958,9.0329,Switzerland,CH,Thurgau,,2457,2457
Wikon,47.2628,7.9658,Switzerland,CH,Luzern,,1528,1528
Wil,47.4664,9.0497,Switzerland,CH,Sankt Gallen,minor,23768,23768
Wil,47.6058,8.5075,Switzerland,CH,Zürich,,1425,1425
Wila,47.4183,8.8492,Switzerland,CH,Zürich,,1971,1971
Wilchingen,47.6664,8.4667,Switzerland,CH,Schaffhausen,,1737,1737
Wilderswil,46.6664,7.8667,Switzerland,CH,Bern,,2655,2655
Wilen,47.4500,9.0333,Switzerland,CH,Sankt Gallen,,2520,2520
Willisau,47.1206,7.9928,Switzerland,CH,Luzern,,7780,7780
Wimmis,46.6752,7.6376,Switzerland,CH,Bern,,2538,2538
Windisch,47.4803,8.2222,Switzerland,CH,Aargau,,7654,7654
Winkel,47.4922,8.5539,Switzerland,CH,Zürich,,4511,4511
Winterthur,47.4992,8.7267,Switzerland,CH,Zürich,minor,109775,109775
Winznau,47.3656,7.9333,Switzerland,CH,Solothurn,,1919,1919
Wittenbach,47.4667,9.3795,Switzerland,CH,Sankt Gallen,,9691,9691
Witterswil,47.4872,7.5236,Switzerland,CH,Solothurn,,1438,1438
Wittnau,47.4811,7.9778,Switzerland,CH,Aargau,,1309,1309
Wohlen,47.3506,8.2778,Switzerland,CH,Aargau,,16078,16078
Wohlenschwil,47.4115,8.2590,Switzerland,CH,Aargau,,1565,1565
Wolfenschiessen,46.9094,8.3972,Switzerland,CH,Nidwalden,,2097,2097
Wolfhalden,47.4539,9.5508,Switzerland,CH,Appenzell Ausserrhoden,,1837,1837
Wolfwil,47.2692,7.7931,Switzerland,CH,Solothurn,,2272,2272
Wolhusen,47.0617,8.0744,Switzerland,CH,Luzern,,4340,4340
Wollerau,47.1956,8.7194,Switzerland,CH,Schwyz,,7255,7255
Worb,46.9306,7.5644,Switzerland,CH,Bern,,11311,11311
Worben,47.1007,7.2965,Switzerland,CH,Bern,,2286,2286
Wuppenau,47.4972,9.1089,Switzerland,CH,Thurgau,,1111,1111
Wynau,47.2608,7.8111,Switzerland,CH,Bern,,1629,1629
Wynigen,47.1067,7.6681,Switzerland,CH,Bern,,2060,2060
Wyssachen,47.0740,7.8214,Switzerland,CH,Bern,,1137,1137
Yens,46.5270,6.4067,Switzerland,CH,Vaud,,1430,1430
Yverdon-les-Bains,46.7785,6.6408,Switzerland,CH,Vaud,minor,30157,30157
Yvonand,46.8000,6.7500,Switzerland,CH,Vaud,,3427,3427
Yvorne,46.3333,6.9500,Switzerland,CH,Vaud,,1066,1066
Zäziwil,46.9017,7.6617,Switzerland,CH,Bern,,1595,1595
Zürich,47.3786,8.5400,Switzerland,CH,Zürich,admin,434008,434008
Zeihen,47.4775,8.0847,Switzerland,CH,Aargau,,1171,1171
Zeiningen,47.5428,7.8708,Switzerland,CH,Aargau,,2310,2310
Zell,47.1357,7.9263,Switzerland,CH,Luzern,,2037,2037
Zell,47.4489,8.8233,Switzerland,CH,Zürich,,5929,5929
Zermatt,46.0193,7.7461,Switzerland,CH,Valais,,5643,5643
Zernez,46.6997,10.0997,Switzerland,CH,Graubünden,,1527,1527
Zetzwil,47.2886,8.1528,Switzerland,CH,Aargau,,1305,1305
Ziefen,47.4314,7.7053,Switzerland,CH,Basel-Landschaft,,1589,1589
Zizers,46.9361,9.5653,Switzerland,CH,Graubünden,,3434,3434
Zofingen,47.2884,7.9475,Switzerland,CH,Aargau,,11655,11655
Zollikon,47.3422,8.5783,Switzerland,CH,Zürich,,13008,13008
Zuchwil,47.2056,7.5597,Switzerland,CH,Solothurn,,8875,8875
Zufikon,47.3459,8.3595,Switzerland,CH,Aargau,,4479,4479
Zug,47.1681,8.5169,Switzerland,CH,Zug,admin,30542,30542
Zumikon,47.3328,8.6239,Switzerland,CH,Zürich,,5120,5120
Zunzgen,47.4493,7.8079,Switzerland,CH,Basel-Landschaft,,2560,2560
Zuoz,46.6020,9.9598,Switzerland,CH,Graubünden,,1186,1186
Zuzwil,47.4713,9.1022,Switzerland,CH,Sankt Gallen,,4785,4785
Zweisimmen,46.5497,7.3664,Switzerland,CH,Bern,,3020,3020
Zwingen,47.4331,7.5333,Switzerland,CH,Basel-Landschaft,,2399,2399
